frame,time_s,teacher_boxes,student_boxes,count_gap,disagreement
Incredible_traffic_Sound_in__0004726,157.7,12,3,9,0.75
Incredible_traffic_Sound_in__0004546,151.7,12,4,8,0.6667
Incredible_traffic_Sound_in__0010141,338.4,18,6,12,0.6667
Incredible_traffic_Sound_in__0024391,813.8,16,6,10,0.625
Incredible_traffic_Sound_in__0009706,323.9,21,8,13,0.619
Incredible_traffic_Sound_in__0035851,1196.2,21,8,13,0.619
Incredible_traffic_Sound_in__0004516,150.7,13,5,8,0.6154
Incredible_traffic_Sound_in__0031246,1042.6,10,4,6,0.6
Incredible_traffic_Sound_in__0035686,1190.7,20,8,12,0.6
Incredible_traffic_Sound_in__0024406,814.3,17,7,10,0.5882
Incredible_traffic_Sound_in__0015286,510.0,24,10,14,0.5833
Incredible_traffic_Sound_in__0017056,569.1,12,5,7,0.5833
Incredible_traffic_Sound_in__0029626,988.5,12,5,7,0.5833
Incredible_traffic_Sound_in__0015256,509.0,19,8,11,0.5789
Incredible_traffic_Sound_in__0018076,603.1,19,8,11,0.5789
Incredible_traffic_Sound_in__0035671,1190.2,19,8,11,0.5789
Incredible_traffic_Sound_in__0022786,760.3,26,11,15,0.5769
Incredible_traffic_Sound_in__0030376,1013.5,21,9,12,0.5714
Incredible_traffic_Sound_in__0033841,1129.2,14,6,8,0.5714
Incredible_traffic_Sound_in__0004741,158.2,16,7,9,0.5625
Incredible_traffic_Sound_in__0027136,905.4,16,7,9,0.5625
Incredible_traffic_Sound_in__0021061,702.7,18,8,10,0.5556
Incredible_traffic_Sound_in__0029641,989.0,9,4,5,0.5556
Incredible_traffic_Sound_in__0016606,554.1,5,11,6,0.5455
Incredible_traffic_Sound_in__0029761,993.0,11,5,6,0.5455
Incredible_traffic_Sound_in__0033151,1106.1,11,5,6,0.5455
Incredible_traffic_Sound_in__0035386,1180.7,5,11,6,0.5455
Incredible_traffic_Sound_in__0004531,151.2,13,6,7,0.5385
Incredible_traffic_Sound_in__0027151,905.9,13,6,7,0.5385
Incredible_traffic_Sound_in__0034906,1164.7,13,6,7,0.5385
Incredible_traffic_Sound_in__0010096,336.9,15,7,8,0.5333
Incredible_traffic_Sound_in__0030406,1014.5,15,7,8,0.5333
Incredible_traffic_Sound_in__0034771,1160.2,15,7,8,0.5333
Incredible_traffic_Sound_in__0032041,1069.1,17,8,9,0.5294
Incredible_traffic_Sound_in__0035551,1186.2,17,8,9,0.5294
Incredible_traffic_Sound_in__0009796,326.9,19,9,10,0.5263
Incredible_traffic_Sound_in__0020881,696.7,19,9,10,0.5263
Incredible_traffic_Sound_in__0024436,815.3,19,9,10,0.5263
Incredible_traffic_Sound_in__0029116,971.5,19,9,10,0.5263
Incredible_traffic_Sound_in__0010306,343.9,21,10,11,0.5238
Incredible_traffic_Sound_in__0030421,1015.0,21,10,11,0.5238
Incredible_traffic_Sound_in__0015481,516.5,23,11,12,0.5217
Incredible_traffic_Sound_in__0003541,118.2,12,6,6,0.5
Incredible_traffic_Sound_in__0009031,301.3,14,7,7,0.5
Incredible_traffic_Sound_in__0009196,306.8,20,10,10,0.5
Incredible_traffic_Sound_in__0009601,320.4,10,5,5,0.5
Incredible_traffic_Sound_in__0013396,447.0,20,10,10,0.5
Incredible_traffic_Sound_in__0015451,515.5,22,11,11,0.5
Incredible_traffic_Sound_in__0018061,602.6,16,8,8,0.5
Incredible_traffic_Sound_in__0024331,811.8,16,8,8,0.5
Incredible_traffic_Sound_in__0024376,813.3,16,8,8,0.5
Incredible_traffic_Sound_in__0024511,817.9,18,9,9,0.5
Incredible_traffic_Sound_in__0029041,969.0,24,12,12,0.5
Incredible_traffic_Sound_in__0029581,987.0,14,7,7,0.5
Incredible_traffic_Sound_in__0029611,988.0,12,6,6,0.5
Incredible_traffic_Sound_in__0029716,991.5,12,6,6,0.5
Incredible_traffic_Sound_in__0030841,1029.1,12,6,6,0.5
Incredible_traffic_Sound_in__0033166,1106.6,12,6,6,0.5
Incredible_traffic_Sound_in__0034096,1137.7,12,6,6,0.5
Incredible_traffic_Sound_in__0035911,1198.2,22,11,11,0.5
Incredible_traffic_Sound_in__0029026,968.5,25,13,12,0.48
Incredible_traffic_Sound_in__0012301,410.4,23,12,11,0.4783
Incredible_traffic_Sound_in__0021511,717.8,21,11,10,0.4762
Incredible_traffic_Sound_in__0026896,897.4,21,11,10,0.4762
Incredible_traffic_Sound_in__0028876,963.5,21,11,10,0.4762
Incredible_traffic_Sound_in__0006811,227.3,19,10,9,0.4737
Incredible_traffic_Sound_in__0008671,289.3,19,10,9,0.4737
Incredible_traffic_Sound_in__0008731,291.3,19,10,9,0.4737
Incredible_traffic_Sound_in__0011071,369.4,19,10,9,0.4737
Incredible_traffic_Sound_in__0013411,447.5,19,10,9,0.4737
Incredible_traffic_Sound_in__0014491,483.5,19,10,9,0.4737
Incredible_traffic_Sound_in__0015541,518.6,19,10,9,0.4737
Incredible_traffic_Sound_in__0020521,684.7,19,10,9,0.4737
Incredible_traffic_Sound_in__0030436,1015.5,19,10,9,0.4737
Incredible_traffic_Sound_in__0014701,490.5,17,9,8,0.4706
Incredible_traffic_Sound_in__0014941,498.5,17,9,8,0.4706
Incredible_traffic_Sound_in__0028846,962.5,17,9,8,0.4706
Incredible_traffic_Sound_in__0028906,964.5,17,9,8,0.4706
Incredible_traffic_Sound_in__0029566,986.5,17,9,8,0.4706
Incredible_traffic_Sound_in__0030016,1001.5,17,9,8,0.4706
Incredible_traffic_Sound_in__0031081,1037.1,17,9,8,0.4706
Incredible_traffic_Sound_in__0032026,1068.6,17,9,8,0.4706
Incredible_traffic_Sound_in__0000481,16.0,13,7,6,0.4615
Incredible_traffic_Sound_in__0003586,119.7,13,7,6,0.4615
Incredible_traffic_Sound_in__0004501,150.2,13,7,6,0.4615
Incredible_traffic_Sound_in__0008956,298.8,26,14,12,0.4615
Incredible_traffic_Sound_in__0016981,566.6,13,7,6,0.4615
Incredible_traffic_Sound_in__0022006,734.3,26,14,12,0.4615
Incredible_traffic_Sound_in__0027826,928.5,13,7,6,0.4615
Incredible_traffic_Sound_in__0028396,947.5,13,7,6,0.4615
Incredible_traffic_Sound_in__0028561,953.0,13,7,6,0.4615
Incredible_traffic_Sound_in__0031231,1042.1,13,7,6,0.4615
Incredible_traffic_Sound_in__0031831,1062.1,13,7,6,0.4615
Incredible_traffic_Sound_in__0031891,1064.1,13,7,6,0.4615
Incredible_traffic_Sound_in__0032896,1097.6,13,7,6,0.4615
Incredible_traffic_Sound_in__0035161,1173.2,13,7,6,0.4615
Incredible_traffic_Sound_in__0000646,21.6,11,6,5,0.4545
Incredible_traffic_Sound_in__0004561,152.2,11,6,5,0.4545
Incredible_traffic_Sound_in__0004876,162.7,22,12,10,0.4545
Incredible_traffic_Sound_in__0006286,209.7,11,6,5,0.4545
Incredible_traffic_Sound_in__0020611,687.7,22,12,10,0.4545
Incredible_traffic_Sound_in__0023671,789.8,11,6,5,0.4545
Incredible_traffic_Sound_in__0029056,969.5,22,12,10,0.4545
Incredible_traffic_Sound_in__0034951,1166.2,11,6,5,0.4545
Incredible_traffic_Sound_in__0004846,161.7,20,11,9,0.45
Incredible_traffic_Sound_in__0015721,524.6,20,11,9,0.45
Incredible_traffic_Sound_in__0021481,716.7,20,11,9,0.45
Incredible_traffic_Sound_in__0028861,963.0,20,11,9,0.45
Incredible_traffic_Sound_in__0000916,30.6,18,10,8,0.4444
Incredible_traffic_Sound_in__0002806,93.6,18,10,8,0.4444
Incredible_traffic_Sound_in__0029656,989.5,9,5,4,0.4444
Incredible_traffic_Sound_in__0030301,1011.0,18,10,8,0.4444
Incredible_traffic_Sound_in__0031066,1036.6,18,10,8,0.4444
Incredible_traffic_Sound_in__0034201,1141.2,5,9,4,0.4444
Incredible_traffic_Sound_in__0000511,17.1,16,9,7,0.4375
Incredible_traffic_Sound_in__0002791,93.1,16,9,7,0.4375
Incredible_traffic_Sound_in__0010336,344.9,16,9,7,0.4375
Incredible_traffic_Sound_in__0020821,694.7,16,9,7,0.4375
Incredible_traffic_Sound_in__0024616,821.4,16,9,7,0.4375
Incredible_traffic_Sound_in__0029131,972.0,16,9,7,0.4375
Incredible_traffic_Sound_in__0031786,1060.6,16,9,7,0.4375
Incredible_traffic_Sound_in__0032866,1096.6,16,9,7,0.4375
Incredible_traffic_Sound_in__0021946,732.3,23,13,10,0.4348
Incredible_traffic_Sound_in__0022096,737.3,23,13,10,0.4348
Incredible_traffic_Sound_in__0009616,320.9,14,8,6,0.4286
Incredible_traffic_Sound_in__0014716,491.0,14,8,6,0.4286
Incredible_traffic_Sound_in__0016621,554.6,4,7,3,0.4286
Incredible_traffic_Sound_in__0021391,713.7,21,12,9,0.4286
Incredible_traffic_Sound_in__0022726,758.3,21,12,9,0.4286
Incredible_traffic_Sound_in__0023056,769.3,14,8,6,0.4286
Incredible_traffic_Sound_in__0025786,860.4,14,8,6,0.4286
Incredible_traffic_Sound_in__0027121,904.9,14,8,6,0.4286
Incredible_traffic_Sound_in__0031141,1039.1,14,8,6,0.4286
Incredible_traffic_Sound_in__0031456,1049.6,21,12,9,0.4286
Incredible_traffic_Sound_in__0035521,1185.2,14,8,6,0.4286
Incredible_traffic_Sound_in__0035536,1185.7,14,8,6,0.4286
Incredible_traffic_Sound_in__0013501,450.5,26,15,11,0.4231
Incredible_traffic_Sound_in__0002821,94.1,19,11,8,0.4211
Incredible_traffic_Sound_in__0006946,231.8,19,11,8,0.4211
Incredible_traffic_Sound_in__0014476,483.0,19,11,8,0.4211
Incredible_traffic_Sound_in__0024661,822.9,19,11,8,0.4211
Incredible_traffic_Sound_in__0025396,847.4,19,11,8,0.4211
Incredible_traffic_Sound_in__0026881,896.9,19,11,8,0.4211
Incredible_traffic_Sound_in__0032176,1073.6,19,11,8,0.4211
Incredible_traffic_Sound_in__0032341,1079.1,19,11,8,0.4211
Incredible_traffic_Sound_in__0001066,35.6,12,7,5,0.4167
Incredible_traffic_Sound_in__0004576,152.7,12,7,5,0.4167
Incredible_traffic_Sound_in__0007801,260.3,24,14,10,0.4167
Incredible_traffic_Sound_in__0009061,302.3,12,7,5,0.4167
Incredible_traffic_Sound_in__0013246,442.0,12,7,5,0.4167
Incredible_traffic_Sound_in__0017266,576.1,12,7,5,0.4167
Incredible_traffic_Sound_in__0019996,667.2,12,7,5,0.4167
Incredible_traffic_Sound_in__0022696,757.3,24,14,10,0.4167
Incredible_traffic_Sound_in__0023656,789.3,12,7,5,0.4167
Incredible_traffic_Sound_in__0026746,892.4,12,7,5,0.4167
Incredible_traffic_Sound_in__0026761,892.9,12,7,5,0.4167
Incredible_traffic_Sound_in__0028471,950.0,24,14,10,0.4167
Incredible_traffic_Sound_in__0029596,987.5,12,7,5,0.4167
Incredible_traffic_Sound_in__0029731,992.0,12,7,5,0.4167
Incredible_traffic_Sound_in__0030826,1028.6,12,7,5,0.4167
Incredible_traffic_Sound_in__0031261,1043.1,12,7,5,0.4167
Incredible_traffic_Sound_in__0032701,1091.1,12,7,5,0.4167
Incredible_traffic_Sound_in__0033811,1128.2,12,7,5,0.4167
Incredible_traffic_Sound_in__0001726,57.6,29,17,12,0.4138
Incredible_traffic_Sound_in__0000901,30.1,17,10,7,0.4118
Incredible_traffic_Sound_in__0009211,307.3,17,10,7,0.4118
Incredible_traffic_Sound_in__0010186,339.9,17,10,7,0.4118
Incredible_traffic_Sound_in__0021496,717.2,17,10,7,0.4118
Incredible_traffic_Sound_in__0024361,812.8,17,10,7,0.4118
Incredible_traffic_Sound_in__0024571,819.9,17,10,7,0.4118
Incredible_traffic_Sound_in__0026866,896.4,17,10,7,0.4118
Incredible_traffic_Sound_in__0032281,1077.1,17,10,7,0.4118
Incredible_traffic_Sound_in__0003301,110.1,22,13,9,0.4091
Incredible_traffic_Sound_in__0013591,453.5,22,13,9,0.4091
Incredible_traffic_Sound_in__0015226,508.0,22,13,9,0.4091
Incredible_traffic_Sound_in__0022261,742.8,22,13,9,0.4091
Incredible_traffic_Sound_in__0022741,758.8,22,13,9,0.4091
Incredible_traffic_Sound_in__0024001,800.8,22,13,9,0.4091
Incredible_traffic_Sound_in__0028246,942.5,22,13,9,0.4091
Incredible_traffic_Sound_in__0028486,950.5,22,13,9,0.4091
Incredible_traffic_Sound_in__0030031,1002.0,22,13,9,0.4091
Incredible_traffic_Sound_in__0030211,1008.0,22,13,9,0.4091
Incredible_traffic_Sound_in__0035896,1197.7,22,13,9,0.4091
Incredible_traffic_Sound_in__0003061,102.1,27,16,11,0.4074
Incredible_traffic_Sound_in__0000121,4.0,25,15,10,0.4
Incredible_traffic_Sound_in__0000676,22.6,15,9,6,0.4
Incredible_traffic_Sound_in__0004426,147.7,15,9,6,0.4
Incredible_traffic_Sound_in__0004756,158.7,15,9,6,0.4
Incredible_traffic_Sound_in__0005071,169.2,10,6,4,0.4
Incredible_traffic_Sound_in__0009046,301.8,15,9,6,0.4
Incredible_traffic_Sound_in__0009481,316.3,10,6,4,0.4
Incredible_traffic_Sound_in__0010291,343.4,20,12,8,0.4
Incredible_traffic_Sound_in__0010381,346.4,15,9,6,0.4
Incredible_traffic_Sound_in__0015391,513.5,20,12,8,0.4
Incredible_traffic_Sound_in__0016591,553.6,6,10,4,0.4
Incredible_traffic_Sound_in__0017236,575.1,15,9,6,0.4
Incredible_traffic_Sound_in__0018166,606.1,10,6,4,0.4
Incredible_traffic_Sound_in__0018496,617.1,15,9,6,0.4
Incredible_traffic_Sound_in__0019006,634.2,15,9,6,0.4
Incredible_traffic_Sound_in__0020161,672.7,15,9,6,0.4
Incredible_traffic_Sound_in__0021076,703.2,20,12,8,0.4
Incredible_traffic_Sound_in__0021721,724.8,15,9,6,0.4
Incredible_traffic_Sound_in__0025771,859.9,10,6,4,0.4
Incredible_traffic_Sound_in__0029686,990.5,10,6,4,0.4
Incredible_traffic_Sound_in__0029896,997.5,15,9,6,0.4
Incredible_traffic_Sound_in__0031111,1038.1,15,9,6,0.4
Incredible_traffic_Sound_in__0031756,1059.6,15,9,6,0.4
Incredible_traffic_Sound_in__0032056,1069.6,15,9,6,0.4
Incredible_traffic_Sound_in__0033121,1105.1,15,9,6,0.4
Incredible_traffic_Sound_in__0033136,1105.6,10,6,4,0.4
Incredible_traffic_Sound_in__0033181,1107.1,10,6,4,0.4
Incredible_traffic_Sound_in__0033271,1110.1,5,3,2,0.4
Incredible_traffic_Sound_in__0034396,1147.7,10,6,4,0.4
Incredible_traffic_Sound_in__0035131,1172.2,15,9,6,0.4
Incredible_traffic_Sound_in__0035611,1188.2,15,9,6,0.4
Incredible_traffic_Sound_in__0002851,95.1,23,14,9,0.3913
Incredible_traffic_Sound_in__0006961,232.3,23,14,9,0.3913
Incredible_traffic_Sound_in__0009826,327.9,23,14,9,0.3913
Incredible_traffic_Sound_in__0021556,719.3,23,14,9,0.3913
Incredible_traffic_Sound_in__0024826,828.4,23,14,9,0.3913
Incredible_traffic_Sound_in__0028231,942.0,23,14,9,0.3913
Incredible_traffic_Sound_in__0001591,53.1,18,11,7,0.3889
Incredible_traffic_Sound_in__0001606,53.6,18,11,7,0.3889
Incredible_traffic_Sound_in__0008851,295.3,18,11,7,0.3889
Incredible_traffic_Sound_in__0009151,305.3,18,11,7,0.3889
Incredible_traffic_Sound_in__0009391,313.3,18,11,7,0.3889
Incredible_traffic_Sound_in__0010171,339.4,18,11,7,0.3889
Incredible_traffic_Sound_in__0015646,522.1,18,11,7,0.3889
Incredible_traffic_Sound_in__0019696,657.2,18,11,7,0.3889
Incredible_traffic_Sound_in__0020836,695.2,18,11,7,0.3889
Incredible_traffic_Sound_in__0031936,1065.6,18,11,7,0.3889
Incredible_traffic_Sound_in__0031996,1067.6,18,11,7,0.3889
Incredible_traffic_Sound_in__0032686,1090.6,18,11,7,0.3889
Incredible_traffic_Sound_in__0035791,1194.2,18,11,7,0.3889
Incredible_traffic_Sound_in__0000631,21.1,13,8,5,0.3846
Incredible_traffic_Sound_in__0007786,259.8,26,16,10,0.3846
Incredible_traffic_Sound_in__0010066,335.9,13,8,5,0.3846
Incredible_traffic_Sound_in__0012106,403.9,13,8,5,0.3846
Incredible_traffic_Sound_in__0019981,666.7,13,8,5,0.3846
Incredible_traffic_Sound_in__0022306,744.3,13,8,5,0.3846
Incredible_traffic_Sound_in__0025546,852.4,13,8,5,0.3846
Incredible_traffic_Sound_in__0025891,863.9,8,13,5,0.3846
Incredible_traffic_Sound_in__0026776,893.4,13,8,5,0.3846
Incredible_traffic_Sound_in__0027166,906.4,13,8,5,0.3846
Incredible_traffic_Sound_in__0030781,1027.1,13,8,5,0.3846
Incredible_traffic_Sound_in__0031171,1040.1,13,8,5,0.3846
Incredible_traffic_Sound_in__0031906,1064.6,13,8,5,0.3846
Incredible_traffic_Sound_in__0032746,1092.6,13,8,5,0.3846
Incredible_traffic_Sound_in__0033856,1129.7,13,8,5,0.3846
Incredible_traffic_Sound_in__0013606,454.0,21,13,8,0.381
Incredible_traffic_Sound_in__0015301,510.5,21,13,8,0.381
Incredible_traffic_Sound_in__0015586,520.1,21,13,8,0.381
Incredible_traffic_Sound_in__0018871,629.7,21,13,8,0.381
Incredible_traffic_Sound_in__0027226,908.4,21,13,8,0.381
Incredible_traffic_Sound_in__0028891,964.0,21,13,8,0.381
Incredible_traffic_Sound_in__0029011,968.0,21,13,8,0.381
Incredible_traffic_Sound_in__0000061,2.0,24,15,9,0.375
Incredible_traffic_Sound_in__0008026,267.8,24,15,9,0.375
Incredible_traffic_Sound_in__0009586,319.9,8,5,3,0.375
Incredible_traffic_Sound_in__0013816,461.0,16,10,6,0.375
Incredible_traffic_Sound_in__0016726,558.1,8,5,3,0.375
Incredible_traffic_Sound_in__0017041,568.6,16,10,6,0.375
Incredible_traffic_Sound_in__0017191,573.6,16,10,6,0.375
Incredible_traffic_Sound_in__0021016,701.2,16,10,6,0.375
Incredible_traffic_Sound_in__0025591,853.9,16,10,6,0.375
Incredible_traffic_Sound_in__0030346,1012.5,16,10,6,0.375
Incredible_traffic_Sound_in__0030361,1013.0,16,10,6,0.375
Incredible_traffic_Sound_in__0030481,1017.0,16,10,6,0.375
Incredible_traffic_Sound_in__0032161,1073.1,16,10,6,0.375
Incredible_traffic_Sound_in__0034126,1138.7,5,8,3,0.375
Incredible_traffic_Sound_in__0035431,1182.2,8,5,3,0.375
Incredible_traffic_Sound_in__0001516,50.6,19,12,7,0.3684
Incredible_traffic_Sound_in__0003946,131.7,19,12,7,0.3684
Incredible_traffic_Sound_in__0004861,162.2,19,12,7,0.3684
Incredible_traffic_Sound_in__0010276,342.9,19,12,7,0.3684
Incredible_traffic_Sound_in__0010351,345.4,19,12,7,0.3684
Incredible_traffic_Sound_in__0013456,449.0,19,12,7,0.3684
Incredible_traffic_Sound_in__0019711,657.7,19,12,7,0.3684
Incredible_traffic_Sound_in__0023011,767.8,19,12,7,0.3684
Incredible_traffic_Sound_in__0023521,784.8,19,12,7,0.3684
Incredible_traffic_Sound_in__0026041,868.9,19,12,7,0.3684
Incredible_traffic_Sound_in__0028501,951.0,19,12,7,0.3684
Incredible_traffic_Sound_in__0028996,967.5,19,12,7,0.3684
Incredible_traffic_Sound_in__0029446,982.5,19,12,7,0.3684
Incredible_traffic_Sound_in__0030046,1002.5,19,12,7,0.3684
Incredible_traffic_Sound_in__0030286,1010.5,19,12,7,0.3684
Incredible_traffic_Sound_in__0030451,1016.0,19,12,7,0.3684
Incredible_traffic_Sound_in__0031381,1047.1,19,12,7,0.3684
Incredible_traffic_Sound_in__0002176,72.6,22,14,8,0.3636
Incredible_traffic_Sound_in__0003196,106.6,33,21,12,0.3636
Incredible_traffic_Sound_in__0003646,121.7,7,11,4,0.3636
Incredible_traffic_Sound_in__0004906,163.7,22,14,8,0.3636
Incredible_traffic_Sound_in__0004996,166.7,11,7,4,0.3636
Incredible_traffic_Sound_in__0007906,263.8,22,14,8,0.3636
Incredible_traffic_Sound_in__0008836,294.8,22,14,8,0.3636
Incredible_traffic_Sound_in__0009661,322.4,11,7,4,0.3636
Incredible_traffic_Sound_in__0015271,509.5,22,14,8,0.3636
Incredible_traffic_Sound_in__0017656,589.1,11,7,4,0.3636
Incredible_traffic_Sound_in__0018241,608.6,11,7,4,0.3636
Incredible_traffic_Sound_in__0020386,680.2,7,11,4,0.3636
Incredible_traffic_Sound_in__0022021,734.8,22,14,8,0.3636
Incredible_traffic_Sound_in__0022216,741.3,22,14,8,0.3636
Incredible_traffic_Sound_in__0022501,750.8,22,14,8,0.3636
Incredible_traffic_Sound_in__0022816,761.3,22,14,8,0.3636
Incredible_traffic_Sound_in__0023881,796.8,11,7,4,0.3636
Incredible_traffic_Sound_in__0027811,928.0,11,7,4,0.3636
Incredible_traffic_Sound_in__0029821,995.0,11,7,4,0.3636
Incredible_traffic_Sound_in__0030121,1005.0,22,14,8,0.3636
Incredible_traffic_Sound_in__0030256,1009.5,22,14,8,0.3636
Incredible_traffic_Sound_in__0035041,1169.2,11,7,4,0.3636
Incredible_traffic_Sound_in__0035071,1170.2,11,7,4,0.3636
Incredible_traffic_Sound_in__0035146,1172.7,11,7,4,0.3636
Incredible_traffic_Sound_in__0035416,1181.7,11,7,4,0.3636
Incredible_traffic_Sound_in__0035446,1182.7,11,7,4,0.3636
Incredible_traffic_Sound_in__0003226,107.6,25,16,9,0.36
Incredible_traffic_Sound_in__0009751,325.4,25,16,9,0.36
Incredible_traffic_Sound_in__0015421,514.5,25,16,9,0.36
Incredible_traffic_Sound_in__0021796,727.3,25,16,9,0.36
Incredible_traffic_Sound_in__0002506,83.6,14,9,5,0.3571
Incredible_traffic_Sound_in__0002701,90.1,14,9,5,0.3571
Incredible_traffic_Sound_in__0007261,242.3,14,9,5,0.3571
Incredible_traffic_Sound_in__0008446,281.8,14,9,5,0.3571
Incredible_traffic_Sound_in__0008611,287.3,14,9,5,0.3571
Incredible_traffic_Sound_in__0009286,309.8,14,9,5,0.3571
Incredible_traffic_Sound_in__0010081,336.4,14,9,5,0.3571
Incredible_traffic_Sound_in__0016381,546.6,9,14,5,0.3571
Incredible_traffic_Sound_in__0020116,671.2,14,9,5,0.3571
Incredible_traffic_Sound_in__0020281,676.7,14,9,5,0.3571
Incredible_traffic_Sound_in__0025726,858.4,14,9,5,0.3571
Incredible_traffic_Sound_in__0027076,903.4,14,9,5,0.3571
Incredible_traffic_Sound_in__0027841,929.0,14,9,5,0.3571
Incredible_traffic_Sound_in__0029221,975.0,14,9,5,0.3571
Incredible_traffic_Sound_in__0029491,984.0,14,9,5,0.3571
Incredible_traffic_Sound_in__0031816,1061.6,14,9,5,0.3571
Incredible_traffic_Sound_in__0031876,1063.6,14,9,5,0.3571
Incredible_traffic_Sound_in__0032536,1085.6,14,9,5,0.3571
Incredible_traffic_Sound_in__0032551,1086.1,14,9,5,0.3571
Incredible_traffic_Sound_in__0032596,1087.6,14,9,5,0.3571
Incredible_traffic_Sound_in__0033826,1128.7,14,9,5,0.3571
Incredible_traffic_Sound_in__0035326,1178.7,14,9,5,0.3571
Incredible_traffic_Sound_in__0035341,1179.2,14,9,5,0.3571
Incredible_traffic_Sound_in__0035776,1193.7,14,9,5,0.3571
Incredible_traffic_Sound_in__0002116,70.6,17,11,6,0.3529
Incredible_traffic_Sound_in__0007636,254.8,17,11,6,0.3529
Incredible_traffic_Sound_in__0008326,277.8,17,11,6,0.3529
Incredible_traffic_Sound_in__0010126,337.9,17,11,6,0.3529
Incredible_traffic_Sound_in__0010201,340.4,17,11,6,0.3529
Incredible_traffic_Sound_in__0013681,456.5,17,11,6,0.3529
Incredible_traffic_Sound_in__0015676,523.1,17,11,6,0.3529
Incredible_traffic_Sound_in__0019561,652.7,11,17,6,0.3529
Incredible_traffic_Sound_in__0020596,687.2,17,11,6,0.3529
Incredible_traffic_Sound_in__0026911,897.9,17,11,6,0.3529
Incredible_traffic_Sound_in__0028156,939.5,17,11,6,0.3529
Incredible_traffic_Sound_in__0028186,940.5,17,11,6,0.3529
Incredible_traffic_Sound_in__0028291,944.0,17,11,6,0.3529
Incredible_traffic_Sound_in__0029461,983.0,17,11,6,0.3529
Incredible_traffic_Sound_in__0031606,1054.6,17,11,6,0.3529
Incredible_traffic_Sound_in__0031861,1063.1,17,11,6,0.3529
Incredible_traffic_Sound_in__0031951,1066.1,17,11,6,0.3529
Incredible_traffic_Sound_in__0032191,1074.1,17,11,6,0.3529
Incredible_traffic_Sound_in__0032296,1077.6,17,11,6,0.3529
Incredible_traffic_Sound_in__0032311,1078.1,17,11,6,0.3529
Incredible_traffic_Sound_in__0033571,1120.2,17,11,6,0.3529
Incredible_traffic_Sound_in__0035956,1199.7,17,11,6,0.3529
Incredible_traffic_Sound_in__0007141,238.3,20,13,7,0.35
Incredible_traffic_Sound_in__0008266,275.8,20,13,7,0.35
Incredible_traffic_Sound_in__0008296,276.8,20,13,7,0.35
Incredible_traffic_Sound_in__0012496,416.9,20,13,7,0.35
Incredible_traffic_Sound_in__0013771,459.5,20,13,7,0.35
Incredible_traffic_Sound_in__0015211,507.5,20,13,7,0.35
Incredible_traffic_Sound_in__0021751,725.8,20,13,7,0.35
Incredible_traffic_Sound_in__0022801,760.8,20,13,7,0.35
Incredible_traffic_Sound_in__0022981,766.8,20,13,7,0.35
Incredible_traffic_Sound_in__0025336,845.4,20,13,7,0.35
Incredible_traffic_Sound_in__0028516,951.5,20,13,7,0.35
Incredible_traffic_Sound_in__0032131,1072.1,20,13,7,0.35
Incredible_traffic_Sound_in__0032431,1082.1,20,13,7,0.35
Incredible_traffic_Sound_in__0007621,254.3,23,15,8,0.3478
Incredible_traffic_Sound_in__0008206,273.8,23,15,8,0.3478
Incredible_traffic_Sound_in__0011626,387.9,23,15,8,0.3478
Incredible_traffic_Sound_in__0013426,448.0,23,15,8,0.3478
Incredible_traffic_Sound_in__0014446,482.0,23,15,8,0.3478
Incredible_traffic_Sound_in__0015376,513.0,23,15,8,0.3478
Incredible_traffic_Sound_in__0020746,692.2,23,15,8,0.3478
Incredible_traffic_Sound_in__0021376,713.2,23,15,8,0.3478
Incredible_traffic_Sound_in__0021826,728.3,23,15,8,0.3478
Incredible_traffic_Sound_in__0021916,731.3,23,15,8,0.3478
Incredible_traffic_Sound_in__0001906,63.6,26,17,9,0.3462
Incredible_traffic_Sound_in__0020731,691.7,26,17,9,0.3462
Incredible_traffic_Sound_in__0027316,911.4,26,17,9,0.3462
Incredible_traffic_Sound_in__0011491,383.4,29,19,10,0.3448
Incredible_traffic_Sound_in__0014371,479.5,29,19,10,0.3448
Incredible_traffic_Sound_in__0000376,12.5,15,10,5,0.3333
Incredible_traffic_Sound_in__0000556,18.6,15,10,5,0.3333
Incredible_traffic_Sound_in__0000946,31.6,18,12,6,0.3333
Incredible_traffic_Sound_in__0001006,33.6,12,8,4,0.3333
Incredible_traffic_Sound_in__0001561,52.1,15,10,5,0.3333
Incredible_traffic_Sound_in__0003166,105.6,27,18,9,0.3333
Incredible_traffic_Sound_in__0005461,182.2,15,10,5,0.3333
Incredible_traffic_Sound_in__0005476,182.7,18,12,6,0.3333
Incredible_traffic_Sound_in__0005716,190.7,15,10,5,0.3333
Incredible_traffic_Sound_in__0005911,197.2,21,14,7,0.3333
Incredible_traffic_Sound_in__0006196,206.7,8,12,4,0.3333
Incredible_traffic_Sound_in__0006271,209.2,9,6,3,0.3333
Incredible_traffic_Sound_in__0006301,210.2,12,8,4,0.3333
Incredible_traffic_Sound_in__0006976,232.8,24,16,8,0.3333
Incredible_traffic_Sound_in__0007216,240.8,15,10,5,0.3333
Incredible_traffic_Sound_in__0007681,256.3,18,12,6,0.3333
Incredible_traffic_Sound_in__0008971,299.3,24,16,8,0.3333
Incredible_traffic_Sound_in__0009496,316.8,9,6,3,0.3333
Incredible_traffic_Sound_in__0009556,318.9,9,6,3,0.3333
Incredible_traffic_Sound_in__0009736,324.9,21,14,7,0.3333
Incredible_traffic_Sound_in__0009781,326.4,21,14,7,0.3333
Incredible_traffic_Sound_in__0010216,340.9,18,12,6,0.3333
Incredible_traffic_Sound_in__0010246,341.9,18,12,6,0.3333
Incredible_traffic_Sound_in__0010321,344.4,18,12,6,0.3333
Incredible_traffic_Sound_in__0010951,365.4,18,12,6,0.3333
Incredible_traffic_Sound_in__0012061,402.4,18,12,6,0.3333
Incredible_traffic_Sound_in__0012676,423.0,9,6,3,0.3333
Incredible_traffic_Sound_in__0012721,424.5,8,12,4,0.3333
Incredible_traffic_Sound_in__0013201,440.5,12,8,4,0.3333
Incredible_traffic_Sound_in__0013231,441.5,12,8,4,0.3333
Incredible_traffic_Sound_in__0013576,453.0,21,14,7,0.3333
Incredible_traffic_Sound_in__0013726,458.0,21,14,7,0.3333
Incredible_traffic_Sound_in__0015361,512.5,21,14,7,0.3333
Incredible_traffic_Sound_in__0015466,516.0,18,12,6,0.3333
Incredible_traffic_Sound_in__0015901,530.6,18,12,6,0.3333
Incredible_traffic_Sound_in__0016696,557.1,9,6,3,0.3333
Incredible_traffic_Sound_in__0016966,566.1,15,10,5,0.3333
Incredible_traffic_Sound_in__0017881,596.6,4,6,2,0.3333
Incredible_traffic_Sound_in__0018046,602.1,15,10,5,0.3333
Incredible_traffic_Sound_in__0019306,644.2,21,14,7,0.3333
Incredible_traffic_Sound_in__0020251,675.7,15,10,5,0.3333
Incredible_traffic_Sound_in__0020341,678.7,15,10,5,0.3333
Incredible_traffic_Sound_in__0021001,700.7,15,10,5,0.3333
Incredible_traffic_Sound_in__0021211,707.7,21,14,7,0.3333
Incredible_traffic_Sound_in__0021466,716.2,21,14,7,0.3333
Incredible_traffic_Sound_in__0021931,731.8,24,16,8,0.3333
Incredible_traffic_Sound_in__0022711,757.8,21,14,7,0.3333
Incredible_traffic_Sound_in__0022756,759.3,21,14,7,0.3333
Incredible_traffic_Sound_in__0023626,788.3,15,10,5,0.3333
Incredible_traffic_Sound_in__0025306,844.4,21,14,7,0.3333
Incredible_traffic_Sound_in__0025351,845.9,21,14,7,0.3333
Incredible_traffic_Sound_in__0026371,879.9,27,18,9,0.3333
Incredible_traffic_Sound_in__0026446,882.4,21,14,7,0.3333
Incredible_traffic_Sound_in__0026671,889.9,12,8,4,0.3333
Incredible_traffic_Sound_in__0029551,986.0,12,8,4,0.3333
Incredible_traffic_Sound_in__0029746,992.5,9,6,3,0.3333
Incredible_traffic_Sound_in__0029911,998.0,12,8,4,0.3333
Incredible_traffic_Sound_in__0030631,1022.1,12,8,4,0.3333
Incredible_traffic_Sound_in__0030706,1024.6,12,8,4,0.3333
Incredible_traffic_Sound_in__0030721,1025.1,9,6,3,0.3333
Incredible_traffic_Sound_in__0031051,1036.1,15,10,5,0.3333
Incredible_traffic_Sound_in__0031186,1040.6,12,8,4,0.3333
Incredible_traffic_Sound_in__0031201,1041.1,12,8,4,0.3333
Incredible_traffic_Sound_in__0031771,1060.1,12,8,4,0.3333
Incredible_traffic_Sound_in__0031981,1067.1,18,12,6,0.3333
Incredible_traffic_Sound_in__0032236,1075.6,21,14,7,0.3333
Incredible_traffic_Sound_in__0032326,1078.6,18,12,6,0.3333
Incredible_traffic_Sound_in__0032446,1082.6,21,14,7,0.3333
Incredible_traffic_Sound_in__0032761,1093.1,15,10,5,0.3333
Incredible_traffic_Sound_in__0032776,1093.6,12,8,4,0.3333
Incredible_traffic_Sound_in__0032821,1095.1,15,10,5,0.3333
Incredible_traffic_Sound_in__0032836,1095.6,12,8,4,0.3333
Incredible_traffic_Sound_in__0033676,1123.7,8,12,4,0.3333
Incredible_traffic_Sound_in__0034111,1138.2,6,9,3,0.3333
Incredible_traffic_Sound_in__0034216,1141.7,6,9,3,0.3333
Incredible_traffic_Sound_in__0034426,1148.7,8,12,4,0.3333
Incredible_traffic_Sound_in__0034696,1157.7,12,8,4,0.3333
Incredible_traffic_Sound_in__0034711,1158.2,12,8,4,0.3333
Incredible_traffic_Sound_in__0034756,1159.7,12,8,4,0.3333
Incredible_traffic_Sound_in__0034801,1161.2,12,8,4,0.3333
Incredible_traffic_Sound_in__0034831,1162.2,12,8,4,0.3333
Incredible_traffic_Sound_in__0034996,1167.7,9,6,3,0.3333
Incredible_traffic_Sound_in__0035356,1179.7,12,8,4,0.3333
Incredible_traffic_Sound_in__0035626,1188.7,12,8,4,0.3333
Incredible_traffic_Sound_in__0035656,1189.7,15,10,5,0.3333
Incredible_traffic_Sound_in__0035701,1191.2,15,10,5,0.3333
Incredible_traffic_Sound_in__0035926,1198.7,18,12,6,0.3333
Incredible_traffic_Sound_in__0014146,472.0,31,21,10,0.3226
Incredible_traffic_Sound_in__0024751,825.9,28,19,9,0.3214
Incredible_traffic_Sound_in__0025201,840.9,28,19,9,0.3214
Incredible_traffic_Sound_in__0014071,469.5,25,17,8,0.32
Incredible_traffic_Sound_in__0025036,835.4,25,17,8,0.32
Incredible_traffic_Sound_in__0000076,2.5,22,15,7,0.3182
Incredible_traffic_Sound_in__0002881,96.1,22,15,7,0.3182
Incredible_traffic_Sound_in__0005941,198.2,22,15,7,0.3182
Incredible_traffic_Sound_in__0009766,325.9,22,15,7,0.3182
Incredible_traffic_Sound_in__0012226,407.9,22,15,7,0.3182
Incredible_traffic_Sound_in__0013756,459.0,22,15,7,0.3182
Incredible_traffic_Sound_in__0015316,511.0,22,15,7,0.3182
Incredible_traffic_Sound_in__0021421,714.7,22,15,7,0.3182
Incredible_traffic_Sound_in__0022531,751.8,22,15,7,0.3182
Incredible_traffic_Sound_in__0000031,1.0,19,13,6,0.3158
Incredible_traffic_Sound_in__0001651,55.1,19,13,6,0.3158
Incredible_traffic_Sound_in__0002746,91.6,19,13,6,0.3158
Incredible_traffic_Sound_in__0004276,142.7,13,19,6,0.3158
Incredible_traffic_Sound_in__0004831,161.2,19,13,6,0.3158
Incredible_traffic_Sound_in__0011086,369.9,19,13,6,0.3158
Incredible_traffic_Sound_in__0012181,406.4,19,13,6,0.3158
Incredible_traffic_Sound_in__0020761,692.7,19,13,6,0.3158
Incredible_traffic_Sound_in__0020866,696.2,19,13,6,0.3158
Incredible_traffic_Sound_in__0021226,708.2,19,13,6,0.3158
Incredible_traffic_Sound_in__0022276,743.3,19,13,6,0.3158
Incredible_traffic_Sound_in__0026356,879.4,19,13,6,0.3158
Incredible_traffic_Sound_in__0027646,922.5,19,13,6,0.3158
Incredible_traffic_Sound_in__0029386,980.5,19,13,6,0.3158
Incredible_traffic_Sound_in__0029401,981.0,19,13,6,0.3158
Incredible_traffic_Sound_in__0030061,1003.0,19,13,6,0.3158
Incredible_traffic_Sound_in__0030151,1006.0,19,13,6,0.3158
Incredible_traffic_Sound_in__0030511,1018.1,19,13,6,0.3158
Incredible_traffic_Sound_in__0031741,1059.1,19,13,6,0.3158
Incredible_traffic_Sound_in__0000421,14.0,16,11,5,0.3125
Incredible_traffic_Sound_in__0000856,28.6,16,11,5,0.3125
Incredible_traffic_Sound_in__0001111,37.1,16,11,5,0.3125
Incredible_traffic_Sound_in__0002776,92.6,16,11,5,0.3125
Incredible_traffic_Sound_in__0003406,113.6,16,11,5,0.3125
Incredible_traffic_Sound_in__0003496,116.6,16,11,5,0.3125
Incredible_traffic_Sound_in__0003691,123.2,11,16,5,0.3125
Incredible_traffic_Sound_in__0005521,184.2,11,16,5,0.3125
Incredible_traffic_Sound_in__0008701,290.3,16,11,5,0.3125
Incredible_traffic_Sound_in__0009406,313.8,16,11,5,0.3125
Incredible_traffic_Sound_in__0012091,403.4,16,11,5,0.3125
Incredible_traffic_Sound_in__0013126,438.0,16,11,5,0.3125
Incredible_traffic_Sound_in__0018001,600.6,16,11,5,0.3125
Incredible_traffic_Sound_in__0021151,705.7,16,11,5,0.3125
Incredible_traffic_Sound_in__0022291,743.8,16,11,5,0.3125
Incredible_traffic_Sound_in__0022411,747.8,16,11,5,0.3125
Incredible_traffic_Sound_in__0024106,804.3,16,11,5,0.3125
Incredible_traffic_Sound_in__0025471,849.9,16,11,5,0.3125
Incredible_traffic_Sound_in__0026536,885.4,16,11,5,0.3125
Incredible_traffic_Sound_in__0028021,935.0,16,11,5,0.3125
Incredible_traffic_Sound_in__0028456,949.5,16,11,5,0.3125
Incredible_traffic_Sound_in__0028531,952.0,16,11,5,0.3125
Incredible_traffic_Sound_in__0030391,1014.0,16,11,5,0.3125
Incredible_traffic_Sound_in__0032011,1068.1,16,11,5,0.3125
Incredible_traffic_Sound_in__0032641,1089.1,16,11,5,0.3125
Incredible_traffic_Sound_in__0035806,1194.7,16,11,5,0.3125
Incredible_traffic_Sound_in__0003931,131.2,13,9,4,0.3077
Incredible_traffic_Sound_in__0004651,155.2,13,9,4,0.3077
Incredible_traffic_Sound_in__0004921,164.2,13,9,4,0.3077
Incredible_traffic_Sound_in__0008131,271.3,26,18,8,0.3077
Incredible_traffic_Sound_in__0009451,315.3,13,9,4,0.3077
Incredible_traffic_Sound_in__0012916,431.0,13,9,4,0.3077
Incredible_traffic_Sound_in__0013171,439.5,13,9,4,0.3077
Incredible_traffic_Sound_in__0015946,532.1,13,9,4,0.3077
Incredible_traffic_Sound_in__0016321,544.6,13,9,4,0.3077
Incredible_traffic_Sound_in__0016771,559.6,13,9,4,0.3077
Incredible_traffic_Sound_in__0018136,605.1,13,9,4,0.3077
Incredible_traffic_Sound_in__0023431,781.8,13,9,4,0.3077
Incredible_traffic_Sound_in__0025531,851.9,13,9,4,0.3077
Incredible_traffic_Sound_in__0026116,871.4,9,13,4,0.3077
Incredible_traffic_Sound_in__0026941,898.9,13,9,4,0.3077
Incredible_traffic_Sound_in__0027766,926.5,13,9,4,0.3077
Incredible_traffic_Sound_in__0031156,1039.6,13,9,4,0.3077
Incredible_traffic_Sound_in__0031801,1061.1,13,9,4,0.3077
Incredible_traffic_Sound_in__0032926,1098.6,13,9,4,0.3077
Incredible_traffic_Sound_in__0033871,1130.2,13,9,4,0.3077
Incredible_traffic_Sound_in__0034621,1155.2,13,9,4,0.3077
Incredible_traffic_Sound_in__0035086,1170.7,13,9,4,0.3077
Incredible_traffic_Sound_in__0007696,256.8,23,16,7,0.3043
Incredible_traffic_Sound_in__0014461,482.5,23,16,7,0.3043
Incredible_traffic_Sound_in__0020671,689.7,23,16,7,0.3043
Incredible_traffic_Sound_in__0021856,729.3,23,16,7,0.3043
Incredible_traffic_Sound_in__0022441,748.8,23,16,7,0.3043
Incredible_traffic_Sound_in__0014206,474.0,33,23,10,0.303
Incredible_traffic_Sound_in__0000796,26.6,20,14,6,0.3
Incredible_traffic_Sound_in__0002056,68.6,20,14,6,0.3
Incredible_traffic_Sound_in__0002926,97.6,20,14,6,0.3
Incredible_traffic_Sound_in__0003556,118.7,10,7,3,0.3
Incredible_traffic_Sound_in__0004591,153.2,10,7,3,0.3
Incredible_traffic_Sound_in__0004606,153.7,10,7,3,0.3
Incredible_traffic_Sound_in__0006466,215.7,20,14,6,0.3
Incredible_traffic_Sound_in__0007651,255.3,20,14,6,0.3
Incredible_traffic_Sound_in__0012961,432.5,10,7,3,0.3
Incredible_traffic_Sound_in__0013291,443.5,10,7,3,0.3
Incredible_traffic_Sound_in__0013621,454.5,20,14,6,0.3
Incredible_traffic_Sound_in__0013876,463.0,10,7,3,0.3
Incredible_traffic_Sound_in__0014596,487.0,10,7,3,0.3
Incredible_traffic_Sound_in__0015346,512.0,20,14,6,0.3
Incredible_traffic_Sound_in__0015406,514.0,20,14,6,0.3
Incredible_traffic_Sound_in__0015631,521.6,20,14,6,0.3
Incredible_traffic_Sound_in__0017626,588.1,7,10,3,0.3
Incredible_traffic_Sound_in__0018256,609.1,10,7,3,0.3
Incredible_traffic_Sound_in__0021301,710.7,20,14,6,0.3
Incredible_traffic_Sound_in__0022456,749.3,20,14,6,0.3
Incredible_traffic_Sound_in__0024841,828.9,20,14,6,0.3
Incredible_traffic_Sound_in__0029146,972.5,20,14,6,0.3
Incredible_traffic_Sound_in__0035461,1183.2,10,7,3,0.3
Incredible_traffic_Sound_in__0001741,58.1,27,19,8,0.2963
Incredible_traffic_Sound_in__0009811,327.4,27,19,8,0.2963
Incredible_traffic_Sound_in__0024736,825.4,27,19,8,0.2963
Incredible_traffic_Sound_in__0001531,51.1,17,12,5,0.2941
Incredible_traffic_Sound_in__0002101,70.1,17,12,5,0.2941
Incredible_traffic_Sound_in__0002296,76.6,17,12,5,0.2941
Incredible_traffic_Sound_in__0004351,145.2,17,12,5,0.2941
Incredible_traffic_Sound_in__0004696,156.7,17,12,5,0.2941
Incredible_traffic_Sound_in__0005371,179.2,17,12,5,0.2941
Incredible_traffic_Sound_in__0005416,180.7,17,12,5,0.2941
Incredible_traffic_Sound_in__0006721,224.3,17,12,5,0.2941
Incredible_traffic_Sound_in__0007666,255.8,17,12,5,0.2941
Incredible_traffic_Sound_in__0008401,280.3,17,12,5,0.2941
Incredible_traffic_Sound_in__0009166,305.8,17,12,5,0.2941
Incredible_traffic_Sound_in__0009316,310.8,17,12,5,0.2941
Incredible_traffic_Sound_in__0010231,341.4,17,12,5,0.2941
Incredible_traffic_Sound_in__0010801,360.4,17,12,5,0.2941
Incredible_traffic_Sound_in__0013666,456.0,17,12,5,0.2941
Incredible_traffic_Sound_in__0017446,582.1,17,12,5,0.2941
Incredible_traffic_Sound_in__0018016,601.1,17,12,5,0.2941
Incredible_traffic_Sound_in__0019906,664.2,17,12,5,0.2941
Incredible_traffic_Sound_in__0020806,694.2,17,12,5,0.2941
Incredible_traffic_Sound_in__0023026,768.3,17,12,5,0.2941
Incredible_traffic_Sound_in__0024496,817.3,17,12,5,0.2941
Incredible_traffic_Sound_in__0025441,848.9,17,12,5,0.2941
Incredible_traffic_Sound_in__0025681,856.9,17,12,5,0.2941
Incredible_traffic_Sound_in__0025696,857.4,17,12,5,0.2941
Incredible_traffic_Sound_in__0026956,899.4,17,12,5,0.2941
Incredible_traffic_Sound_in__0028921,965.0,17,12,5,0.2941
Incredible_traffic_Sound_in__0029311,978.0,17,12,5,0.2941
Incredible_traffic_Sound_in__0029326,978.5,17,12,5,0.2941
Incredible_traffic_Sound_in__0029986,1000.5,17,12,5,0.2941
Incredible_traffic_Sound_in__0030496,1017.5,17,12,5,0.2941
Incredible_traffic_Sound_in__0032086,1070.6,17,12,5,0.2941
Incredible_traffic_Sound_in__0032101,1071.1,17,12,5,0.2941
Incredible_traffic_Sound_in__0032116,1071.6,17,12,5,0.2941
Incredible_traffic_Sound_in__0032146,1072.6,17,12,5,0.2941
Incredible_traffic_Sound_in__0032206,1074.6,17,12,5,0.2941
Incredible_traffic_Sound_in__0032611,1088.1,17,12,5,0.2941
Incredible_traffic_Sound_in__0035836,1195.7,17,12,5,0.2941
Incredible_traffic_Sound_in__0011806,393.9,24,17,7,0.2917
Incredible_traffic_Sound_in__0021361,712.7,24,17,7,0.2917
Incredible_traffic_Sound_in__0022771,759.8,24,17,7,0.2917
Incredible_traffic_Sound_in__0024781,826.9,24,17,7,0.2917
Incredible_traffic_Sound_in__0024931,831.9,24,17,7,0.2917
Incredible_traffic_Sound_in__0000046,1.5,21,15,6,0.2857
Incredible_traffic_Sound_in__0001501,50.1,14,10,4,0.2857
Incredible_traffic_Sound_in__0004456,148.7,14,10,4,0.2857
Incredible_traffic_Sound_in__0005836,194.7,21,15,6,0.2857
Incredible_traffic_Sound_in__0005896,196.7,21,15,6,0.2857
Incredible_traffic_Sound_in__0006346,211.7,14,10,4,0.2857
Incredible_traffic_Sound_in__0006751,225.3,21,15,6,0.2857
Incredible_traffic_Sound_in__0007486,249.8,14,10,4,0.2857
Incredible_traffic_Sound_in__0008821,294.3,21,15,6,0.2857
Incredible_traffic_Sound_in__0009016,300.8,14,10,4,0.2857
Incredible_traffic_Sound_in__0009091,303.3,14,10,4,0.2857
Incredible_traffic_Sound_in__0010021,334.4,14,10,4,0.2857
Incredible_traffic_Sound_in__0010921,364.4,21,15,6,0.2857
Incredible_traffic_Sound_in__0011131,371.4,21,15,6,0.2857
Incredible_traffic_Sound_in__0011311,377.4,28,20,8,0.2857
Incredible_traffic_Sound_in__0013786,460.0,21,15,6,0.2857
Incredible_traffic_Sound_in__0015241,508.5,21,15,6,0.2857
Incredible_traffic_Sound_in__0016081,536.6,14,10,4,0.2857
Incredible_traffic_Sound_in__0016681,556.6,7,5,2,0.2857
Incredible_traffic_Sound_in__0019951,665.7,14,10,4,0.2857
Incredible_traffic_Sound_in__0020011,667.7,14,10,4,0.2857
Incredible_traffic_Sound_in__0020176,673.2,10,14,4,0.2857
Incredible_traffic_Sound_in__0020791,693.7,14,10,4,0.2857
Incredible_traffic_Sound_in__0021991,733.8,21,15,6,0.2857
Incredible_traffic_Sound_in__0022471,749.8,21,15,6,0.2857
Incredible_traffic_Sound_in__0022576,753.3,21,15,6,0.2857
Incredible_traffic_Sound_in__0022891,763.8,21,15,6,0.2857
Incredible_traffic_Sound_in__0023131,771.8,14,10,4,0.2857
Incredible_traffic_Sound_in__0024241,808.8,14,10,4,0.2857
Incredible_traffic_Sound_in__0024316,811.3,14,10,4,0.2857
Incredible_traffic_Sound_in__0025456,849.4,14,10,4,0.2857
Incredible_traffic_Sound_in__0025486,850.4,14,10,4,0.2857
Incredible_traffic_Sound_in__0025561,852.9,14,10,4,0.2857
Incredible_traffic_Sound_in__0025711,857.9,14,10,4,0.2857
Incredible_traffic_Sound_in__0025861,862.9,10,14,4,0.2857
Incredible_traffic_Sound_in__0025876,863.4,10,14,4,0.2857
Incredible_traffic_Sound_in__0026101,870.9,10,14,4,0.2857
Incredible_traffic_Sound_in__0027721,925.0,14,10,4,0.2857
Incredible_traffic_Sound_in__0028171,940.0,14,10,4,0.2857
Incredible_traffic_Sound_in__0028696,957.5,21,15,6,0.2857
Incredible_traffic_Sound_in__0029191,974.0,14,10,4,0.2857
Incredible_traffic_Sound_in__0030076,1003.5,21,15,6,0.2857
Incredible_traffic_Sound_in__0030106,1004.5,21,15,6,0.2857
Incredible_traffic_Sound_in__0030466,1016.5,14,10,4,0.2857
Incredible_traffic_Sound_in__0030811,1028.1,14,10,4,0.2857
Incredible_traffic_Sound_in__0031126,1038.6,14,10,4,0.2857
Incredible_traffic_Sound_in__0032731,1092.1,14,10,4,0.2857
Incredible_traffic_Sound_in__0033241,1109.1,7,5,2,0.2857
Incredible_traffic_Sound_in__0033421,1115.1,5,7,2,0.2857
Incredible_traffic_Sound_in__0034456,1149.7,14,10,4,0.2857
Incredible_traffic_Sound_in__0034666,1156.7,14,10,4,0.2857
Incredible_traffic_Sound_in__0034681,1157.2,14,10,4,0.2857
Incredible_traffic_Sound_in__0035821,1195.2,14,10,4,0.2857
Incredible_traffic_Sound_in__0007711,257.3,25,18,7,0.28
Incredible_traffic_Sound_in__0008776,292.8,25,18,7,0.28
Incredible_traffic_Sound_in__0011761,392.4,25,18,7,0.28
Incredible_traffic_Sound_in__0014116,471.0,25,18,7,0.28
Incredible_traffic_Sound_in__0020686,690.2,25,18,7,0.28
Incredible_traffic_Sound_in__0000316,10.5,18,13,5,0.2778
Incredible_traffic_Sound_in__0001546,51.6,18,13,5,0.2778
Incredible_traffic_Sound_in__0002431,81.1,18,13,5,0.2778
Incredible_traffic_Sound_in__0007831,261.3,18,13,5,0.2778
Incredible_traffic_Sound_in__0008311,277.3,18,13,5,0.2778
Incredible_traffic_Sound_in__0009136,304.8,18,13,5,0.2778
Incredible_traffic_Sound_in__0010156,338.9,18,13,5,0.2778
Incredible_traffic_Sound_in__0011011,367.4,13,18,5,0.2778
Incredible_traffic_Sound_in__0012166,405.9,18,13,5,0.2778
Incredible_traffic_Sound_in__0012571,419.5,18,13,5,0.2778
Incredible_traffic_Sound_in__0016126,538.1,18,13,5,0.2778
Incredible_traffic_Sound_in__0018586,620.2,18,13,5,0.2778
Incredible_traffic_Sound_in__0019681,656.7,18,13,5,0.2778
Incredible_traffic_Sound_in__0020551,685.7,18,13,5,0.2778
Incredible_traffic_Sound_in__0021091,703.7,18,13,5,0.2778
Incredible_traffic_Sound_in__0021241,708.7,18,13,5,0.2778
Incredible_traffic_Sound_in__0022996,767.3,18,13,5,0.2778
Incredible_traffic_Sound_in__0024121,804.8,18,13,5,0.2778
Incredible_traffic_Sound_in__0024421,814.8,18,13,5,0.2778
Incredible_traffic_Sound_in__0024451,815.8,18,13,5,0.2778
Incredible_traffic_Sound_in__0027391,913.9,18,13,5,0.2778
Incredible_traffic_Sound_in__0028936,965.5,18,13,5,0.2778
Incredible_traffic_Sound_in__0029431,982.0,18,13,5,0.2778
Incredible_traffic_Sound_in__0030136,1005.5,18,13,5,0.2778
Incredible_traffic_Sound_in__0030226,1008.5,18,13,5,0.2778
Incredible_traffic_Sound_in__0031426,1048.6,18,13,5,0.2778
Incredible_traffic_Sound_in__0035881,1197.2,18,13,5,0.2778
Incredible_traffic_Sound_in__0035971,1200.2,18,13,5,0.2778
Incredible_traffic_Sound_in__0000091,3.0,22,16,6,0.2727
Incredible_traffic_Sound_in__0002521,84.1,11,8,3,0.2727
Incredible_traffic_Sound_in__0002716,90.6,11,8,3,0.2727
Incredible_traffic_Sound_in__0003271,109.1,22,16,6,0.2727
Incredible_traffic_Sound_in__0003526,117.7,11,8,3,0.2727
Incredible_traffic_Sound_in__0004156,138.7,11,8,3,0.2727
Incredible_traffic_Sound_in__0004171,139.2,11,8,3,0.2727
Incredible_traffic_Sound_in__0004891,163.2,22,16,6,0.2727
Incredible_traffic_Sound_in__0006361,212.2,11,8,3,0.2727
Incredible_traffic_Sound_in__0007771,259.3,22,16,6,0.2727
Incredible_traffic_Sound_in__0008521,284.3,8,11,3,0.2727
Incredible_traffic_Sound_in__0009931,331.4,22,16,6,0.2727
Incredible_traffic_Sound_in__0011161,372.4,22,16,6,0.2727
Incredible_traffic_Sound_in__0015196,507.0,22,16,6,0.2727
Incredible_traffic_Sound_in__0015616,521.1,22,16,6,0.2727
Incredible_traffic_Sound_in__0016276,543.1,8,11,3,0.2727
Incredible_traffic_Sound_in__0016831,561.6,8,11,3,0.2727
Incredible_traffic_Sound_in__0017641,588.6,11,8,3,0.2727
Incredible_traffic_Sound_in__0018406,614.1,11,8,3,0.2727
Incredible_traffic_Sound_in__0019366,646.2,22,16,6,0.2727
Incredible_traffic_Sound_in__0022201,740.8,22,16,6,0.2727
Incredible_traffic_Sound_in__0022246,742.3,22,16,6,0.2727
Incredible_traffic_Sound_in__0022681,756.8,22,16,6,0.2727
Incredible_traffic_Sound_in__0023686,790.3,11,8,3,0.2727
Incredible_traffic_Sound_in__0024286,810.3,11,8,3,0.2727
Incredible_traffic_Sound_in__0029851,996.0,11,8,3,0.2727
Incredible_traffic_Sound_in__0030661,1023.1,11,8,3,0.2727
Incredible_traffic_Sound_in__0032716,1091.6,11,8,3,0.2727
Incredible_traffic_Sound_in__0032791,1094.1,11,8,3,0.2727
Incredible_traffic_Sound_in__0034651,1156.2,11,8,3,0.2727
Incredible_traffic_Sound_in__0035011,1168.2,11,8,3,0.2727
Incredible_traffic_Sound_in__0003181,106.1,26,19,7,0.2692
Incredible_traffic_Sound_in__0011386,379.9,26,19,7,0.2692
Incredible_traffic_Sound_in__0014416,481.0,26,19,7,0.2692
Incredible_traffic_Sound_in__0000601,20.1,15,11,4,0.2667
Incredible_traffic_Sound_in__0000661,22.1,15,11,4,0.2667
Incredible_traffic_Sound_in__0001231,41.1,15,11,4,0.2667
Incredible_traffic_Sound_in__0001876,62.6,30,22,8,0.2667
Incredible_traffic_Sound_in__0002251,75.1,15,11,4,0.2667
Incredible_traffic_Sound_in__0004396,146.7,15,11,4,0.2667
Incredible_traffic_Sound_in__0007201,240.3,15,11,4,0.2667
Incredible_traffic_Sound_in__0007231,241.3,15,11,4,0.2667
Incredible_traffic_Sound_in__0007276,242.8,15,11,4,0.2667
Incredible_traffic_Sound_in__0008626,287.8,15,11,4,0.2667
Incredible_traffic_Sound_in__0009976,332.9,15,11,4,0.2667
Incredible_traffic_Sound_in__0010366,345.9,15,11,4,0.2667
Incredible_traffic_Sound_in__0010966,365.9,15,11,4,0.2667
Incredible_traffic_Sound_in__0011506,383.9,30,22,8,0.2667
Incredible_traffic_Sound_in__0012316,410.9,15,11,4,0.2667
Incredible_traffic_Sound_in__0013276,443.0,15,11,4,0.2667
Incredible_traffic_Sound_in__0014746,492.0,15,11,4,0.2667
Incredible_traffic_Sound_in__0016921,564.6,15,11,4,0.2667
Incredible_traffic_Sound_in__0017491,583.6,15,11,4,0.2667
Incredible_traffic_Sound_in__0017986,600.1,15,11,4,0.2667
Incredible_traffic_Sound_in__0018526,618.2,15,11,4,0.2667
Incredible_traffic_Sound_in__0018991,633.7,15,11,4,0.2667
Incredible_traffic_Sound_in__0019666,656.2,15,11,4,0.2667
Incredible_traffic_Sound_in__0019936,665.2,15,11,4,0.2667
Incredible_traffic_Sound_in__0020101,670.7,15,11,4,0.2667
Incredible_traffic_Sound_in__0020896,697.2,15,11,4,0.2667
Incredible_traffic_Sound_in__0023146,772.3,15,11,4,0.2667
Incredible_traffic_Sound_in__0023191,773.8,11,15,4,0.2667
Incredible_traffic_Sound_in__0024166,806.3,15,11,4,0.2667
Incredible_traffic_Sound_in__0026161,872.9,15,11,4,0.2667
Incredible_traffic_Sound_in__0026176,873.4,15,11,4,0.2667
Incredible_traffic_Sound_in__0026851,895.9,15,11,4,0.2667
Incredible_traffic_Sound_in__0027001,900.9,15,11,4,0.2667
Incredible_traffic_Sound_in__0027181,906.9,15,11,4,0.2667
Incredible_traffic_Sound_in__0027196,907.4,15,11,4,0.2667
Incredible_traffic_Sound_in__0027481,916.9,15,11,4,0.2667
Incredible_traffic_Sound_in__0030001,1001.0,15,11,4,0.2667
Incredible_traffic_Sound_in__0035866,1196.7,15,11,4,0.2667
Incredible_traffic_Sound_in__0001621,54.1,19,14,5,0.2632
Incredible_traffic_Sound_in__0002206,73.6,19,14,5,0.2632
Incredible_traffic_Sound_in__0002761,92.1,19,14,5,0.2632
Incredible_traffic_Sound_in__0007126,237.8,19,14,5,0.2632
Incredible_traffic_Sound_in__0009916,330.9,19,14,5,0.2632
Incredible_traffic_Sound_in__0013561,452.5,19,14,5,0.2632
Incredible_traffic_Sound_in__0014881,496.5,19,14,5,0.2632
Incredible_traffic_Sound_in__0015601,520.6,19,14,5,0.2632
Incredible_traffic_Sound_in__0018661,622.7,19,14,5,0.2632
Incredible_traffic_Sound_in__0019771,659.7,19,14,5,0.2632
Incredible_traffic_Sound_in__0020656,689.2,19,14,5,0.2632
Incredible_traffic_Sound_in__0021166,706.2,19,14,5,0.2632
Incredible_traffic_Sound_in__0021616,721.3,19,14,5,0.2632
Incredible_traffic_Sound_in__0023476,783.3,14,19,5,0.2632
Incredible_traffic_Sound_in__0025366,846.4,19,14,5,0.2632
Incredible_traffic_Sound_in__0025411,847.9,19,14,5,0.2632
Incredible_traffic_Sound_in__0027661,923.0,19,14,5,0.2632
Incredible_traffic_Sound_in__0028306,944.5,19,14,5,0.2632
Incredible_traffic_Sound_in__0029101,971.0,19,14,5,0.2632
Incredible_traffic_Sound_in__0031411,1048.1,19,14,5,0.2632
Incredible_traffic_Sound_in__0036001,1201.2,19,14,5,0.2632
Incredible_traffic_Sound_in__0007756,258.8,23,17,6,0.2609
Incredible_traffic_Sound_in__0009841,328.4,23,17,6,0.2609
Incredible_traffic_Sound_in__0009901,330.4,23,17,6,0.2609
Incredible_traffic_Sound_in__0011146,371.9,23,17,6,0.2609
Incredible_traffic_Sound_in__0015061,502.5,23,17,6,0.2609
Incredible_traffic_Sound_in__0015121,504.5,23,17,6,0.2609
Incredible_traffic_Sound_in__0019276,643.2,23,17,6,0.2609
Incredible_traffic_Sound_in__0021976,733.3,23,17,6,0.2609
Incredible_traffic_Sound_in__0022081,736.8,23,17,6,0.2609
Incredible_traffic_Sound_in__0024991,833.9,23,17,6,0.2609
Incredible_traffic_Sound_in__0025291,843.9,23,17,6,0.2609
Incredible_traffic_Sound_in__0031516,1051.6,23,17,6,0.2609
Incredible_traffic_Sound_in__0003091,103.1,27,20,7,0.2593
Incredible_traffic_Sound_in__0008116,270.8,27,20,7,0.2593
Incredible_traffic_Sound_in__0000766,25.6,20,15,5,0.25
Incredible_traffic_Sound_in__0000871,29.1,16,12,4,0.25
Incredible_traffic_Sound_in__0001141,38.1,12,9,3,0.25
Incredible_traffic_Sound_in__0002191,73.1,16,12,4,0.25
Incredible_traffic_Sound_in__0002221,74.1,16,12,4,0.25
Incredible_traffic_Sound_in__0002491,83.1,16,12,4,0.25
Incredible_traffic_Sound_in__0003016,100.6,32,24,8,0.25
Incredible_traffic_Sound_in__0003376,112.6,16,12,4,0.25
Incredible_traffic_Sound_in__0004021,134.2,9,12,3,0.25
Incredible_traffic_Sound_in__0004111,137.2,16,12,4,0.25
Incredible_traffic_Sound_in__0004336,144.7,16,12,4,0.25
Incredible_traffic_Sound_in__0004441,148.2,12,9,3,0.25
Incredible_traffic_Sound_in__0004681,156.2,12,9,3,0.25
Incredible_traffic_Sound_in__0005431,181.2,16,12,4,0.25
Incredible_traffic_Sound_in__0005446,181.7,16,12,4,0.25
Incredible_traffic_Sound_in__0006001,200.2,20,15,5,0.25
Incredible_traffic_Sound_in__0007081,236.3,24,18,6,0.25
Incredible_traffic_Sound_in__0007246,241.8,16,12,4,0.25
Incredible_traffic_Sound_in__0007306,243.8,12,9,3,0.25
Incredible_traffic_Sound_in__0007336,244.8,8,6,2,0.25
Incredible_traffic_Sound_in__0007576,252.8,20,15,5,0.25
Incredible_traffic_Sound_in__0008251,275.3,16,12,4,0.25
Incredible_traffic_Sound_in__0008656,288.8,16,12,4,0.25
Incredible_traffic_Sound_in__0009001,300.3,16,12,4,0.25
Incredible_traffic_Sound_in__0009571,319.4,8,6,2,0.25
Incredible_traffic_Sound_in__0010531,351.4,24,18,6,0.25
Incredible_traffic_Sound_in__0011776,392.9,24,18,6,0.25
Incredible_traffic_Sound_in__0012046,401.9,16,12,4,0.25
Incredible_traffic_Sound_in__0012151,405.4,16,12,4,0.25
Incredible_traffic_Sound_in__0012421,414.4,16,12,4,0.25
Incredible_traffic_Sound_in__0013741,458.5,16,12,4,0.25
Incredible_traffic_Sound_in__0014401,480.5,28,21,7,0.25
Incredible_traffic_Sound_in__0014656,489.0,12,9,3,0.25
Incredible_traffic_Sound_in__0014971,499.5,16,12,4,0.25
Incredible_traffic_Sound_in__0015181,506.5,20,15,5,0.25
Incredible_traffic_Sound_in__0015661,522.6,16,12,4,0.25
Incredible_traffic_Sound_in__0015691,523.6,16,12,4,0.25
Incredible_traffic_Sound_in__0016111,537.6,16,12,4,0.25
Incredible_traffic_Sound_in__0016351,545.6,12,9,3,0.25
Incredible_traffic_Sound_in__0016456,549.1,12,9,3,0.25
Incredible_traffic_Sound_in__0016546,552.1,12,9,3,0.25
Incredible_traffic_Sound_in__0016636,555.1,6,8,2,0.25
Incredible_traffic_Sound_in__0016651,555.6,4,3,1,0.25
Incredible_traffic_Sound_in__0017071,569.6,9,12,3,0.25
Incredible_traffic_Sound_in__0017176,573.1,16,12,4,0.25
Incredible_traffic_Sound_in__0017251,575.6,12,9,3,0.25
Incredible_traffic_Sound_in__0017476,583.1,16,12,4,0.25
Incredible_traffic_Sound_in__0017851,595.6,3,4,1,0.25
Incredible_traffic_Sound_in__0017866,596.1,3,4,1,0.25
Incredible_traffic_Sound_in__0018091,603.6,16,12,4,0.25
Incredible_traffic_Sound_in__0018151,605.6,8,6,2,0.25
Incredible_traffic_Sound_in__0018511,617.7,12,9,3,0.25
Incredible_traffic_Sound_in__0018541,618.7,16,12,4,0.25
Incredible_traffic_Sound_in__0019036,635.2,12,9,3,0.25
Incredible_traffic_Sound_in__0019051,635.7,16,12,4,0.25
Incredible_traffic_Sound_in__0019231,641.7,20,15,5,0.25
Incredible_traffic_Sound_in__0020206,674.2,12,9,3,0.25
Incredible_traffic_Sound_in__0020626,688.2,16,12,4,0.25
Incredible_traffic_Sound_in__0021436,715.2,20,15,5,0.25
Incredible_traffic_Sound_in__0022066,736.3,24,18,6,0.25
Incredible_traffic_Sound_in__0023356,779.3,16,12,4,0.25
Incredible_traffic_Sound_in__0023566,786.3,12,9,3,0.25
Incredible_traffic_Sound_in__0023731,791.8,16,12,4,0.25
Incredible_traffic_Sound_in__0023851,795.8,12,9,3,0.25
Incredible_traffic_Sound_in__0023866,796.3,12,9,3,0.25
Incredible_traffic_Sound_in__0024256,809.3,12,9,3,0.25
Incredible_traffic_Sound_in__0025426,848.4,16,12,4,0.25
Incredible_traffic_Sound_in__0025801,860.9,12,9,3,0.25
Incredible_traffic_Sound_in__0026341,878.9,20,15,5,0.25
Incredible_traffic_Sound_in__0026656,889.4,12,9,3,0.25
Incredible_traffic_Sound_in__0026971,899.9,16,12,4,0.25
Incredible_traffic_Sound_in__0027031,901.9,9,12,3,0.25
Incredible_traffic_Sound_in__0027631,922.0,20,15,5,0.25
Incredible_traffic_Sound_in__0027751,926.0,12,9,3,0.25
Incredible_traffic_Sound_in__0028216,941.5,16,12,4,0.25
Incredible_traffic_Sound_in__0028546,952.5,12,9,3,0.25
Incredible_traffic_Sound_in__0028966,966.5,16,12,4,0.25
Incredible_traffic_Sound_in__0028981,967.0,16,12,4,0.25
Incredible_traffic_Sound_in__0029701,991.0,8,6,2,0.25
Incredible_traffic_Sound_in__0029776,993.5,8,6,2,0.25
Incredible_traffic_Sound_in__0029791,994.0,8,6,2,0.25
Incredible_traffic_Sound_in__0030331,1012.0,16,12,4,0.25
Incredible_traffic_Sound_in__0030571,1020.1,16,12,4,0.25
Incredible_traffic_Sound_in__0030676,1023.6,8,6,2,0.25
Incredible_traffic_Sound_in__0030796,1027.6,12,9,3,0.25
Incredible_traffic_Sound_in__0031216,1041.6,12,9,3,0.25
Incredible_traffic_Sound_in__0031366,1046.6,16,12,4,0.25
Incredible_traffic_Sound_in__0031591,1054.1,16,12,4,0.25
Incredible_traffic_Sound_in__0032656,1089.6,16,12,4,0.25
Incredible_traffic_Sound_in__0032941,1099.1,12,9,3,0.25
Incredible_traffic_Sound_in__0033316,1111.6,8,6,2,0.25
Incredible_traffic_Sound_in__0033406,1114.6,6,8,2,0.25
Incredible_traffic_Sound_in__0033901,1131.2,12,9,3,0.25
Incredible_traffic_Sound_in__0033931,1132.2,12,9,3,0.25
Incredible_traffic_Sound_in__0034051,1136.2,12,9,3,0.25
Incredible_traffic_Sound_in__0034156,1139.7,6,8,2,0.25
Incredible_traffic_Sound_in__0034861,1163.2,12,9,3,0.25
Incredible_traffic_Sound_in__0034921,1165.2,8,6,2,0.25
Incredible_traffic_Sound_in__0035101,1171.2,12,9,3,0.25
Incredible_traffic_Sound_in__0035281,1177.2,16,12,4,0.25
Incredible_traffic_Sound_in__0035491,1184.2,6,8,2,0.25
Incredible_traffic_Sound_in__0011566,385.9,29,22,7,0.2414
Incredible_traffic_Sound_in__0002026,67.6,25,19,6,0.24
Incredible_traffic_Sound_in__0003046,101.6,25,19,6,0.24
Incredible_traffic_Sound_in__0007996,266.8,25,19,6,0.24
Incredible_traffic_Sound_in__0011581,386.4,25,19,6,0.24
Incredible_traffic_Sound_in__0002896,96.6,21,16,5,0.2381
Incredible_traffic_Sound_in__0005926,197.7,21,16,5,0.2381
Incredible_traffic_Sound_in__0006526,217.8,21,16,5,0.2381
Incredible_traffic_Sound_in__0006691,223.3,21,16,5,0.2381
Incredible_traffic_Sound_in__0011116,370.9,21,16,5,0.2381
Incredible_traffic_Sound_in__0011266,375.9,21,16,5,0.2381
Incredible_traffic_Sound_in__0013651,455.5,21,16,5,0.2381
Incredible_traffic_Sound_in__0019816,661.2,21,16,5,0.2381
Incredible_traffic_Sound_in__0021286,710.2,21,16,5,0.2381
Incredible_traffic_Sound_in__0021316,711.2,21,16,5,0.2381
Incredible_traffic_Sound_in__0021406,714.2,21,16,5,0.2381
Incredible_traffic_Sound_in__0025066,836.4,21,16,5,0.2381
Incredible_traffic_Sound_in__0026281,876.9,21,16,5,0.2381
Incredible_traffic_Sound_in__0028261,943.0,21,16,5,0.2381
Incredible_traffic_Sound_in__0028636,955.5,21,16,5,0.2381
Incredible_traffic_Sound_in__0030271,1010.0,21,16,5,0.2381
Incredible_traffic_Sound_in__0031441,1049.1,21,16,5,0.2381
Incredible_traffic_Sound_in__0001126,37.6,17,13,4,0.2353
Incredible_traffic_Sound_in__0005401,180.2,17,13,4,0.2353
Incredible_traffic_Sound_in__0009361,312.3,17,13,4,0.2353
Incredible_traffic_Sound_in__0009376,312.8,17,13,4,0.2353
Incredible_traffic_Sound_in__0009421,314.3,17,13,4,0.2353
Incredible_traffic_Sound_in__0009946,331.9,17,13,4,0.2353
Incredible_traffic_Sound_in__0010981,366.4,17,13,4,0.2353
Incredible_traffic_Sound_in__0012196,406.9,17,13,4,0.2353
Incredible_traffic_Sound_in__0013441,448.5,17,13,4,0.2353
Incredible_traffic_Sound_in__0013966,466.0,17,13,4,0.2353
Incredible_traffic_Sound_in__0015571,519.6,17,13,4,0.2353
Incredible_traffic_Sound_in__0017086,570.1,17,13,4,0.2353
Incredible_traffic_Sound_in__0018826,628.2,17,13,4,0.2353
Incredible_traffic_Sound_in__0018931,631.7,17,13,4,0.2353
Incredible_traffic_Sound_in__0021706,724.3,17,13,4,0.2353
Incredible_traffic_Sound_in__0023221,774.8,13,17,4,0.2353
Incredible_traffic_Sound_in__0024196,807.3,17,13,4,0.2353
Incredible_traffic_Sound_in__0024466,816.3,17,13,4,0.2353
Incredible_traffic_Sound_in__0024481,816.8,17,13,4,0.2353
Incredible_traffic_Sound_in__0024631,821.9,17,13,4,0.2353
Incredible_traffic_Sound_in__0026206,874.4,17,13,4,0.2353
Incredible_traffic_Sound_in__0028201,941.0,17,13,4,0.2353
Incredible_traffic_Sound_in__0028681,957.0,17,13,4,0.2353
Incredible_traffic_Sound_in__0031336,1045.6,17,13,4,0.2353
Incredible_traffic_Sound_in__0031621,1055.1,17,13,4,0.2353
Incredible_traffic_Sound_in__0032461,1083.1,17,13,4,0.2353
Incredible_traffic_Sound_in__0032521,1085.1,17,13,4,0.2353
Incredible_traffic_Sound_in__0032626,1088.6,17,13,4,0.2353
Incredible_traffic_Sound_in__0034606,1154.7,17,13,4,0.2353
Incredible_traffic_Sound_in__0035941,1199.2,17,13,4,0.2353
Incredible_traffic_Sound_in__0011551,385.4,30,23,7,0.2333
Incredible_traffic_Sound_in__0000526,17.6,13,10,3,0.2308
Incredible_traffic_Sound_in__0001921,64.1,26,20,6,0.2308
Incredible_traffic_Sound_in__0003076,102.6,26,20,6,0.2308
Incredible_traffic_Sound_in__0003481,116.1,13,10,3,0.2308
Incredible_traffic_Sound_in__0004471,149.2,13,10,3,0.2308
Incredible_traffic_Sound_in__0004636,154.7,13,10,3,0.2308
Incredible_traffic_Sound_in__0004936,164.7,13,10,3,0.2308
Incredible_traffic_Sound_in__0005101,170.2,13,10,3,0.2308
Incredible_traffic_Sound_in__0005701,190.2,13,10,3,0.2308
Incredible_traffic_Sound_in__0007006,233.8,26,20,6,0.2308
Incredible_traffic_Sound_in__0007291,243.3,13,10,3,0.2308
Incredible_traffic_Sound_in__0008161,272.3,26,20,6,0.2308
Incredible_traffic_Sound_in__0009241,308.3,13,10,3,0.2308
Incredible_traffic_Sound_in__0010396,346.9,13,10,3,0.2308
Incredible_traffic_Sound_in__0010411,347.4,13,10,3,0.2308
Incredible_traffic_Sound_in__0014956,499.0,13,10,3,0.2308
Incredible_traffic_Sound_in__0015511,517.6,13,10,3,0.2308
Incredible_traffic_Sound_in__0018466,616.1,13,10,3,0.2308
Incredible_traffic_Sound_in__0020986,700.2,13,10,3,0.2308
Incredible_traffic_Sound_in__0025051,835.9,26,20,6,0.2308
Incredible_traffic_Sound_in__0025216,841.4,26,20,6,0.2308
Incredible_traffic_Sound_in__0025501,850.9,13,10,3,0.2308
Incredible_traffic_Sound_in__0027571,920.0,10,13,3,0.2308
Incredible_traffic_Sound_in__0028426,948.5,13,10,3,0.2308
Incredible_traffic_Sound_in__0029341,979.0,13,10,3,0.2308
Incredible_traffic_Sound_in__0030616,1021.6,13,10,3,0.2308
Incredible_traffic_Sound_in__0031666,1056.6,13,10,3,0.2308
Incredible_traffic_Sound_in__0035206,1174.7,13,10,3,0.2308
Incredible_traffic_Sound_in__0035581,1187.2,13,10,3,0.2308
Incredible_traffic_Sound_in__0035596,1187.7,13,10,3,0.2308
Incredible_traffic_Sound_in__0014281,476.5,35,27,8,0.2286
Incredible_traffic_Sound_in__0007966,265.8,22,17,5,0.2273
Incredible_traffic_Sound_in__0008041,268.3,22,17,5,0.2273
Incredible_traffic_Sound_in__0022111,737.8,22,17,5,0.2273
Incredible_traffic_Sound_in__0022141,738.8,22,17,5,0.2273
Incredible_traffic_Sound_in__0022516,751.3,22,17,5,0.2273
Incredible_traffic_Sound_in__0025006,834.4,22,17,5,0.2273
Incredible_traffic_Sound_in__0026296,877.4,22,17,5,0.2273
Incredible_traffic_Sound_in__0030166,1006.5,22,17,5,0.2273
Incredible_traffic_Sound_in__0001351,45.1,14,18,4,0.2222
Incredible_traffic_Sound_in__0001366,45.6,14,18,4,0.2222
Incredible_traffic_Sound_in__0001756,58.6,27,21,6,0.2222
Incredible_traffic_Sound_in__0001771,59.1,27,21,6,0.2222
Incredible_traffic_Sound_in__0004711,157.2,9,7,2,0.2222
Incredible_traffic_Sound_in__0005251,175.2,14,18,4,0.2222
Incredible_traffic_Sound_in__0005281,176.2,18,14,4,0.2222
Incredible_traffic_Sound_in__0005671,189.2,7,9,2,0.2222
Incredible_traffic_Sound_in__0008941,298.3,18,14,4,0.2222
Incredible_traffic_Sound_in__0008986,299.8,18,14,4,0.2222
Incredible_traffic_Sound_in__0009646,321.9,7,9,2,0.2222
Incredible_traffic_Sound_in__0010111,337.4,9,7,2,0.2222
Incredible_traffic_Sound_in__0010696,356.9,18,14,4,0.2222
Incredible_traffic_Sound_in__0012361,412.4,18,14,4,0.2222
Incredible_traffic_Sound_in__0012976,433.0,9,7,2,0.2222
Incredible_traffic_Sound_in__0013006,434.0,7,9,2,0.2222
Incredible_traffic_Sound_in__0013081,436.5,7,9,2,0.2222
Incredible_traffic_Sound_in__0013636,455.0,18,14,4,0.2222
Incredible_traffic_Sound_in__0013861,462.5,9,7,2,0.2222
Incredible_traffic_Sound_in__0013951,465.5,18,14,4,0.2222
Incredible_traffic_Sound_in__0013981,466.5,18,14,4,0.2222
Incredible_traffic_Sound_in__0016576,553.1,7,9,2,0.2222
Incredible_traffic_Sound_in__0018751,625.7,18,14,4,0.2222
Incredible_traffic_Sound_in__0018886,630.2,18,14,4,0.2222
Incredible_traffic_Sound_in__0019861,662.7,18,14,4,0.2222
Incredible_traffic_Sound_in__0020266,676.2,18,14,4,0.2222
Incredible_traffic_Sound_in__0021586,720.3,14,18,4,0.2222
Incredible_traffic_Sound_in__0022036,735.3,18,14,4,0.2222
Incredible_traffic_Sound_in__0022606,754.3,18,14,4,0.2222
Incredible_traffic_Sound_in__0022951,765.8,18,14,4,0.2222
Incredible_traffic_Sound_in__0025381,846.9,18,14,4,0.2222
Incredible_traffic_Sound_in__0025651,855.9,18,14,4,0.2222
Incredible_traffic_Sound_in__0027796,927.5,9,7,2,0.2222
Incredible_traffic_Sound_in__0029416,981.5,18,14,4,0.2222
Incredible_traffic_Sound_in__0030856,1029.6,9,7,2,0.2222
Incredible_traffic_Sound_in__0031696,1057.6,9,7,2,0.2222
Incredible_traffic_Sound_in__0033886,1130.7,9,7,2,0.2222
Incredible_traffic_Sound_in__0034891,1164.2,9,7,2,0.2222
Incredible_traffic_Sound_in__0035116,1171.7,9,7,2,0.2222
Incredible_traffic_Sound_in__0014311,477.5,32,25,7,0.2188
Incredible_traffic_Sound_in__0008011,267.3,23,18,5,0.2174
Incredible_traffic_Sound_in__0014101,470.5,23,18,5,0.2174
Incredible_traffic_Sound_in__0017401,580.6,23,18,5,0.2174
Incredible_traffic_Sound_in__0021271,709.7,23,18,5,0.2174
Incredible_traffic_Sound_in__0021901,730.8,23,18,5,0.2174
Incredible_traffic_Sound_in__0022231,741.8,23,18,5,0.2174
Incredible_traffic_Sound_in__0024721,824.9,23,18,5,0.2174
Incredible_traffic_Sound_in__0000691,23.1,14,11,3,0.2143
Incredible_traffic_Sound_in__0000721,24.1,14,11,3,0.2143
Incredible_traffic_Sound_in__0001186,39.6,14,11,3,0.2143
Incredible_traffic_Sound_in__0001486,49.6,14,11,3,0.2143
Incredible_traffic_Sound_in__0003751,125.2,11,14,3,0.2143
Incredible_traffic_Sound_in__0003901,130.2,11,14,3,0.2143
Incredible_traffic_Sound_in__0005236,174.7,11,14,3,0.2143
Incredible_traffic_Sound_in__0005356,178.7,14,11,3,0.2143
Incredible_traffic_Sound_in__0005566,185.7,14,11,3,0.2143
Incredible_traffic_Sound_in__0006376,212.7,14,11,3,0.2143
Incredible_traffic_Sound_in__0006841,228.3,14,11,3,0.2143
Incredible_traffic_Sound_in__0008716,290.8,14,11,3,0.2143
Incredible_traffic_Sound_in__0010876,362.9,14,11,3,0.2143
Incredible_traffic_Sound_in__0012811,427.5,11,14,3,0.2143
Incredible_traffic_Sound_in__0013906,464.0,14,11,3,0.2143
Incredible_traffic_Sound_in__0014671,489.5,14,11,3,0.2143
Incredible_traffic_Sound_in__0016906,564.1,14,11,3,0.2143
Incredible_traffic_Sound_in__0018556,619.2,14,11,3,0.2143
Incredible_traffic_Sound_in__0020221,674.7,14,11,3,0.2143
Incredible_traffic_Sound_in__0022321,744.8,14,11,3,0.2143
Incredible_traffic_Sound_in__0024031,801.8,14,11,3,0.2143
Incredible_traffic_Sound_in__0024301,810.8,14,11,3,0.2143
Incredible_traffic_Sound_in__0025741,858.9,14,11,3,0.2143
Incredible_traffic_Sound_in__0025996,867.4,14,11,3,0.2143
Incredible_traffic_Sound_in__0026926,898.4,14,11,3,0.2143
Incredible_traffic_Sound_in__0027736,925.5,14,11,3,0.2143
Incredible_traffic_Sound_in__0028381,947.0,14,11,3,0.2143
Incredible_traffic_Sound_in__0031036,1035.6,14,11,3,0.2143
Incredible_traffic_Sound_in__0031096,1037.6,14,11,3,0.2143
Incredible_traffic_Sound_in__0031966,1066.6,14,11,3,0.2143
Incredible_traffic_Sound_in__0032911,1098.1,14,11,3,0.2143
Incredible_traffic_Sound_in__0034336,1145.7,11,14,3,0.2143
Incredible_traffic_Sound_in__0034351,1146.2,14,11,3,0.2143
Incredible_traffic_Sound_in__0002911,97.1,19,15,4,0.2105
Incredible_traffic_Sound_in__0006886,229.8,19,15,4,0.2105
Incredible_traffic_Sound_in__0006916,230.8,19,15,4,0.2105
Incredible_traffic_Sound_in__0008806,293.8,19,15,4,0.2105
Incredible_traffic_Sound_in__0010516,350.9,19,15,4,0.2105
Incredible_traffic_Sound_in__0010546,351.9,19,15,4,0.2105
Incredible_traffic_Sound_in__0010726,357.9,19,15,4,0.2105
Incredible_traffic_Sound_in__0012271,409.4,19,15,4,0.2105
Incredible_traffic_Sound_in__0019126,638.2,19,15,4,0.2105
Incredible_traffic_Sound_in__0019291,643.7,19,15,4,0.2105
Incredible_traffic_Sound_in__0019381,646.7,19,15,4,0.2105
Incredible_traffic_Sound_in__0019441,648.7,15,19,4,0.2105
Incredible_traffic_Sound_in__0019786,660.2,19,15,4,0.2105
Incredible_traffic_Sound_in__0020566,686.2,19,15,4,0.2105
Incredible_traffic_Sound_in__0027676,923.5,19,15,4,0.2105
Incredible_traffic_Sound_in__0031471,1050.1,19,15,4,0.2105
Incredible_traffic_Sound_in__0031651,1056.1,19,15,4,0.2105
Incredible_traffic_Sound_in__0002011,67.1,24,19,5,0.2083
Incredible_traffic_Sound_in__0003106,103.6,24,19,5,0.2083
Incredible_traffic_Sound_in__0006406,213.7,24,19,5,0.2083
Incredible_traffic_Sound_in__0006511,217.3,24,19,5,0.2083
Incredible_traffic_Sound_in__0008746,291.8,24,19,5,0.2083
Incredible_traffic_Sound_in__0027346,912.4,24,19,5,0.2083
Incredible_traffic_Sound_in__0011881,396.4,29,23,6,0.2069
Incredible_traffic_Sound_in__0001246,41.6,15,12,3,0.2
Incredible_traffic_Sound_in__0002581,86.1,12,15,3,0.2
Incredible_traffic_Sound_in__0003151,105.1,25,20,5,0.2
Incredible_traffic_Sound_in__0003256,108.6,20,16,4,0.2
Incredible_traffic_Sound_in__0003601,120.2,15,12,3,0.2
Incredible_traffic_Sound_in__0004036,134.7,10,8,2,0.2
Incredible_traffic_Sound_in__0004231,141.2,12,15,3,0.2
Incredible_traffic_Sound_in__0004411,147.2,15,12,3,0.2
Incredible_traffic_Sound_in__0005626,187.7,10,8,2,0.2
Incredible_traffic_Sound_in__0005791,193.2,20,16,4,0.2
Incredible_traffic_Sound_in__0005866,195.7,20,16,4,0.2
Incredible_traffic_Sound_in__0006316,210.7,10,8,2,0.2
Incredible_traffic_Sound_in__0007591,253.3,20,16,4,0.2
Incredible_traffic_Sound_in__0007606,253.8,20,16,4,0.2
Incredible_traffic_Sound_in__0007816,260.8,20,16,4,0.2
Incredible_traffic_Sound_in__0008281,276.3,15,12,3,0.2
Incredible_traffic_Sound_in__0008566,285.8,12,15,3,0.2
Incredible_traffic_Sound_in__0008641,288.3,15,12,3,0.2
Incredible_traffic_Sound_in__0008926,297.8,20,16,4,0.2
Incredible_traffic_Sound_in__0009106,303.8,15,12,3,0.2
Incredible_traffic_Sound_in__0009121,304.3,15,12,3,0.2
Incredible_traffic_Sound_in__0009346,311.8,15,12,3,0.2
Incredible_traffic_Sound_in__0009466,315.8,10,8,2,0.2
Incredible_traffic_Sound_in__0009631,321.4,8,10,2,0.2
Incredible_traffic_Sound_in__0009721,324.4,20,16,4,0.2
Incredible_traffic_Sound_in__0009886,329.9,20,16,4,0.2
Incredible_traffic_Sound_in__0010621,354.4,16,20,4,0.2
Incredible_traffic_Sound_in__0010771,359.4,20,16,4,0.2
Incredible_traffic_Sound_in__0010831,361.4,15,12,3,0.2
Incredible_traffic_Sound_in__0010891,363.4,15,12,3,0.2
Incredible_traffic_Sound_in__0011191,373.4,20,16,4,0.2
Incredible_traffic_Sound_in__0011731,391.4,20,16,4,0.2
Incredible_traffic_Sound_in__0012286,409.9,20,16,4,0.2
Incredible_traffic_Sound_in__0013486,450.0,20,16,4,0.2
Incredible_traffic_Sound_in__0014626,488.0,10,8,2,0.2
Incredible_traffic_Sound_in__0014641,488.5,10,8,2,0.2
Incredible_traffic_Sound_in__0014926,498.0,15,12,3,0.2
Incredible_traffic_Sound_in__0014986,500.0,15,12,3,0.2
Incredible_traffic_Sound_in__0015526,518.1,15,12,3,0.2
Incredible_traffic_Sound_in__0015766,526.1,12,15,3,0.2
Incredible_traffic_Sound_in__0015781,526.6,20,16,4,0.2
Incredible_traffic_Sound_in__0015796,527.1,20,16,4,0.2
Incredible_traffic_Sound_in__0015886,530.1,15,12,3,0.2
Incredible_traffic_Sound_in__0016006,534.1,15,12,3,0.2
Incredible_traffic_Sound_in__0016141,538.6,15,12,3,0.2
Incredible_traffic_Sound_in__0016216,541.1,15,12,3,0.2
Incredible_traffic_Sound_in__0016741,558.6,8,10,2,0.2
Incredible_traffic_Sound_in__0017146,572.1,15,12,3,0.2
Incredible_traffic_Sound_in__0017611,587.6,8,10,2,0.2
Incredible_traffic_Sound_in__0017701,590.6,10,8,2,0.2
Incredible_traffic_Sound_in__0017716,591.1,10,8,2,0.2
Incredible_traffic_Sound_in__0018121,604.6,10,8,2,0.2
Incredible_traffic_Sound_in__0018196,607.1,5,4,1,0.2
Incredible_traffic_Sound_in__0018361,612.6,8,10,2,0.2
Incredible_traffic_Sound_in__0019621,654.7,15,12,3,0.2
Incredible_traffic_Sound_in__0020296,677.2,15,12,3,0.2
Incredible_traffic_Sound_in__0021106,704.2,15,12,3,0.2
Incredible_traffic_Sound_in__0021661,722.8,20,16,4,0.2
Incredible_traffic_Sound_in__0021886,730.3,25,20,5,0.2
Incredible_traffic_Sound_in__0022546,752.3,20,16,4,0.2
Incredible_traffic_Sound_in__0022621,754.8,15,12,3,0.2
Incredible_traffic_Sound_in__0023776,793.3,10,8,2,0.2
Incredible_traffic_Sound_in__0023896,797.3,8,10,2,0.2
Incredible_traffic_Sound_in__0024091,803.8,15,12,3,0.2
Incredible_traffic_Sound_in__0024556,819.4,15,12,3,0.2
Incredible_traffic_Sound_in__0024601,820.9,15,12,3,0.2
Incredible_traffic_Sound_in__0025951,865.9,10,8,2,0.2
Incredible_traffic_Sound_in__0025966,866.4,10,8,2,0.2
Incredible_traffic_Sound_in__0026191,873.9,15,12,3,0.2
Incredible_traffic_Sound_in__0026791,893.9,10,8,2,0.2
Incredible_traffic_Sound_in__0027361,912.9,20,16,4,0.2
Incredible_traffic_Sound_in__0027706,924.5,15,12,3,0.2
Incredible_traffic_Sound_in__0027886,930.5,15,12,3,0.2
Incredible_traffic_Sound_in__0028096,937.5,15,12,3,0.2
Incredible_traffic_Sound_in__0028126,938.5,15,12,3,0.2
Incredible_traffic_Sound_in__0028606,954.5,12,15,3,0.2
Incredible_traffic_Sound_in__0028951,966.0,15,12,3,0.2
Incredible_traffic_Sound_in__0029161,973.0,15,12,3,0.2
Incredible_traffic_Sound_in__0029176,973.5,15,12,3,0.2
Incredible_traffic_Sound_in__0029356,979.5,15,12,3,0.2
Incredible_traffic_Sound_in__0029671,990.0,10,8,2,0.2
Incredible_traffic_Sound_in__0029971,1000.0,15,12,3,0.2
Incredible_traffic_Sound_in__0030946,1032.6,15,12,3,0.2
Incredible_traffic_Sound_in__0031396,1047.6,15,12,3,0.2
Incredible_traffic_Sound_in__0031486,1050.6,20,16,4,0.2
Incredible_traffic_Sound_in__0032266,1076.6,15,12,3,0.2
Incredible_traffic_Sound_in__0032356,1079.6,15,12,3,0.2
Incredible_traffic_Sound_in__0032671,1090.1,15,12,3,0.2
Incredible_traffic_Sound_in__0032986,1100.6,15,12,3,0.2
Incredible_traffic_Sound_in__0033076,1103.6,10,8,2,0.2
Incredible_traffic_Sound_in__0033481,1117.1,15,12,3,0.2
Incredible_traffic_Sound_in__0033646,1122.7,12,15,3,0.2
Incredible_traffic_Sound_in__0033766,1126.7,8,10,2,0.2
Incredible_traffic_Sound_in__0033796,1127.7,10,8,2,0.2
Incredible_traffic_Sound_in__0035311,1178.2,15,12,3,0.2
Incredible_traffic_Sound_in__0035401,1181.2,8,10,2,0.2
Incredible_traffic_Sound_in__0035476,1183.7,10,8,2,0.2
Incredible_traffic_Sound_in__0003031,101.1,26,21,5,0.1923
Incredible_traffic_Sound_in__0003121,104.1,26,21,5,0.1923
Incredible_traffic_Sound_in__0011596,386.9,26,21,5,0.1923
Incredible_traffic_Sound_in__0020701,690.7,26,21,5,0.1923
Incredible_traffic_Sound_in__0002071,69.1,21,17,4,0.1905
Incredible_traffic_Sound_in__0002161,72.1,21,17,4,0.1905
Incredible_traffic_Sound_in__0002461,82.1,21,17,4,0.1905
Incredible_traffic_Sound_in__0002941,98.1,21,17,4,0.1905
Incredible_traffic_Sound_in__0005776,192.7,21,17,4,0.1905
Incredible_traffic_Sound_in__0005851,195.2,21,17,4,0.1905
Incredible_traffic_Sound_in__0006136,204.7,21,17,4,0.1905
Incredible_traffic_Sound_in__0007921,264.3,21,17,4,0.1905
Incredible_traffic_Sound_in__0007951,265.3,21,17,4,0.1905
Incredible_traffic_Sound_in__0008761,292.3,21,17,4,0.1905
Incredible_traffic_Sound_in__0010486,349.9,21,17,4,0.1905
Incredible_traffic_Sound_in__0011701,390.4,21,17,4,0.1905
Incredible_traffic_Sound_in__0019111,637.7,21,17,4,0.1905
Incredible_traffic_Sound_in__0021961,732.8,21,17,4,0.1905
Incredible_traffic_Sound_in__0022486,750.3,21,17,4,0.1905
Incredible_traffic_Sound_in__0022561,752.8,21,17,4,0.1905
Incredible_traffic_Sound_in__0023266,776.3,21,17,4,0.1905
Incredible_traffic_Sound_in__0024811,827.9,21,17,4,0.1905
Incredible_traffic_Sound_in__0030241,1009.0,21,17,4,0.1905
Incredible_traffic_Sound_in__0000811,27.1,16,13,3,0.1875
Incredible_traffic_Sound_in__0002416,80.6,16,13,3,0.1875
Incredible_traffic_Sound_in__0003856,128.7,16,13,3,0.1875
Incredible_traffic_Sound_in__0003961,132.2,16,13,3,0.1875
Incredible_traffic_Sound_in__0004381,146.2,16,13,3,0.1875
Incredible_traffic_Sound_in__0005536,184.7,13,16,3,0.1875
Incredible_traffic_Sound_in__0010006,333.9,16,13,3,0.1875
Incredible_traffic_Sound_in__0012256,408.9,16,13,3,0.1875
Incredible_traffic_Sound_in__0012841,428.5,13,16,3,0.1875
Incredible_traffic_Sound_in__0013696,457.0,16,13,3,0.1875
Incredible_traffic_Sound_in__0014266,476.0,32,26,6,0.1875
Incredible_traffic_Sound_in__0014326,478.0,32,26,6,0.1875
Incredible_traffic_Sound_in__0015556,519.1,16,13,3,0.1875
Incredible_traffic_Sound_in__0019501,650.7,16,13,3,0.1875
Incredible_traffic_Sound_in__0019726,658.2,16,13,3,0.1875
Incredible_traffic_Sound_in__0020506,684.2,16,13,3,0.1875
Incredible_traffic_Sound_in__0025516,851.4,16,13,3,0.1875
Incredible_traffic_Sound_in__0026086,870.4,16,13,3,0.1875
Incredible_traffic_Sound_in__0027511,918.0,16,13,3,0.1875
Incredible_traffic_Sound_in__0027856,929.5,16,13,3,0.1875
Incredible_traffic_Sound_in__0029086,970.5,16,13,3,0.1875
Incredible_traffic_Sound_in__0029296,977.5,16,13,3,0.1875
Incredible_traffic_Sound_in__0029371,980.0,16,13,3,0.1875
Incredible_traffic_Sound_in__0030526,1018.6,16,13,3,0.1875
Incredible_traffic_Sound_in__0031306,1044.6,16,13,3,0.1875
Incredible_traffic_Sound_in__0031351,1046.1,16,13,3,0.1875
Incredible_traffic_Sound_in__0031636,1055.6,16,13,3,0.1875
Incredible_traffic_Sound_in__0032476,1083.6,16,13,3,0.1875
Incredible_traffic_Sound_in__0034576,1153.7,16,13,3,0.1875
Incredible_traffic_Sound_in__0035236,1175.7,13,16,3,0.1875
Incredible_traffic_Sound_in__0003136,104.6,27,22,5,0.1852
Incredible_traffic_Sound_in__0025246,842.4,27,22,5,0.1852
Incredible_traffic_Sound_in__0000151,5.0,22,18,4,0.1818
Incredible_traffic_Sound_in__0000181,6.0,22,18,4,0.1818
Incredible_traffic_Sound_in__0001666,55.6,22,18,4,0.1818
Incredible_traffic_Sound_in__0001681,56.1,22,18,4,0.1818
Incredible_traffic_Sound_in__0002656,88.6,9,11,2,0.1818
Incredible_traffic_Sound_in__0003466,115.6,9,11,2,0.1818
Incredible_traffic_Sound_in__0003571,119.2,11,9,2,0.1818
Incredible_traffic_Sound_in__0004621,154.2,11,9,2,0.1818
Incredible_traffic_Sound_in__0005011,167.2,11,9,2,0.1818
Incredible_traffic_Sound_in__0005086,169.7,11,9,2,0.1818
Incredible_traffic_Sound_in__0006331,211.2,11,9,2,0.1818
Incredible_traffic_Sound_in__0007021,234.3,22,18,4,0.1818
Incredible_traffic_Sound_in__0007351,245.3,11,9,2,0.1818
Incredible_traffic_Sound_in__0007936,264.8,22,18,4,0.1818
Incredible_traffic_Sound_in__0009271,309.3,11,9,2,0.1818
Incredible_traffic_Sound_in__0010036,334.9,11,9,2,0.1818
Incredible_traffic_Sound_in__0010426,347.9,11,9,2,0.1818
Incredible_traffic_Sound_in__0011221,374.4,22,18,4,0.1818
Incredible_traffic_Sound_in__0013111,437.5,9,11,2,0.1818
Incredible_traffic_Sound_in__0014296,477.0,33,27,6,0.1818
Incredible_traffic_Sound_in__0014611,487.5,11,9,2,0.1818
Incredible_traffic_Sound_in__0015436,515.0,22,18,4,0.1818
Incredible_traffic_Sound_in__0016261,542.6,11,9,2,0.1818
Incredible_traffic_Sound_in__0016786,560.1,11,9,2,0.1818
Incredible_traffic_Sound_in__0016846,562.1,9,11,2,0.1818
Incredible_traffic_Sound_in__0016891,563.6,11,9,2,0.1818
Incredible_traffic_Sound_in__0017011,567.6,11,9,2,0.1818
Incredible_traffic_Sound_in__0017596,587.1,9,11,2,0.1818
Incredible_traffic_Sound_in__0018346,612.1,9,11,2,0.1818
Incredible_traffic_Sound_in__0020371,679.7,11,9,2,0.1818
Incredible_traffic_Sound_in__0020716,691.2,22,18,4,0.1818
Incredible_traffic_Sound_in__0021346,712.2,22,18,4,0.1818
Incredible_traffic_Sound_in__0021571,719.8,22,18,4,0.1818
Incredible_traffic_Sound_in__0023161,772.8,11,9,2,0.1818
Incredible_traffic_Sound_in__0023806,794.3,11,9,2,0.1818
Incredible_traffic_Sound_in__0023821,794.8,11,9,2,0.1818
Incredible_traffic_Sound_in__0024901,830.9,22,18,4,0.1818
Incredible_traffic_Sound_in__0026131,871.9,9,11,2,0.1818
Incredible_traffic_Sound_in__0026701,890.9,11,9,2,0.1818
Incredible_traffic_Sound_in__0026806,894.4,9,11,2,0.1818
Incredible_traffic_Sound_in__0029866,996.5,11,9,2,0.1818
Incredible_traffic_Sound_in__0030766,1026.6,11,9,2,0.1818
Incredible_traffic_Sound_in__0031711,1058.1,11,9,2,0.1818
Incredible_traffic_Sound_in__0032956,1099.6,9,11,2,0.1818
Incredible_traffic_Sound_in__0033751,1126.2,11,9,2,0.1818
Incredible_traffic_Sound_in__0033946,1132.7,11,9,2,0.1818
Incredible_traffic_Sound_in__0034231,1142.2,11,9,2,0.1818
Incredible_traffic_Sound_in__0034366,1146.7,11,9,2,0.1818
Incredible_traffic_Sound_in__0034411,1148.2,9,11,2,0.1818
Incredible_traffic_Sound_in__0034786,1160.7,11,9,2,0.1818
Incredible_traffic_Sound_in__0001801,60.1,28,23,5,0.1786
Incredible_traffic_Sound_in__0011521,384.4,28,23,5,0.1786
Incredible_traffic_Sound_in__0000286,9.5,17,14,3,0.1765
Incredible_traffic_Sound_in__0001336,44.6,17,14,3,0.1765
Incredible_traffic_Sound_in__0002371,79.1,14,17,3,0.1765
Incredible_traffic_Sound_in__0003916,130.7,17,14,3,0.1765
Incredible_traffic_Sound_in__0005266,175.7,17,14,3,0.1765
Incredible_traffic_Sound_in__0006046,201.7,17,14,3,0.1765
Incredible_traffic_Sound_in__0006736,224.8,17,14,3,0.1765
Incredible_traffic_Sound_in__0007111,237.3,17,14,3,0.1765
Incredible_traffic_Sound_in__0008356,278.8,17,14,3,0.1765
Incredible_traffic_Sound_in__0008386,279.8,17,14,3,0.1765
Incredible_traffic_Sound_in__0011971,399.4,14,17,3,0.1765
Incredible_traffic_Sound_in__0011986,399.9,14,17,3,0.1765
Incredible_traffic_Sound_in__0012001,400.4,14,17,3,0.1765
Incredible_traffic_Sound_in__0012331,411.4,17,14,3,0.1765
Incredible_traffic_Sound_in__0013546,452.0,17,14,3,0.1765
Incredible_traffic_Sound_in__0013711,457.5,17,14,3,0.1765
Incredible_traffic_Sound_in__0013801,460.5,17,14,3,0.1765
Incredible_traffic_Sound_in__0014506,484.0,17,14,3,0.1765
Incredible_traffic_Sound_in__0015076,503.0,17,14,3,0.1765
Incredible_traffic_Sound_in__0015496,517.0,17,14,3,0.1765
Incredible_traffic_Sound_in__0016156,539.1,17,14,3,0.1765
Incredible_traffic_Sound_in__0016186,540.1,17,14,3,0.1765
Incredible_traffic_Sound_in__0017371,579.6,17,14,3,0.1765
Incredible_traffic_Sound_in__0017416,581.1,17,14,3,0.1765
Incredible_traffic_Sound_in__0018676,623.2,17,14,3,0.1765
Incredible_traffic_Sound_in__0018811,627.7,17,14,3,0.1765
Incredible_traffic_Sound_in__0019201,640.7,17,14,3,0.1765
Incredible_traffic_Sound_in__0019486,650.2,17,14,3,0.1765
Incredible_traffic_Sound_in__0021121,704.7,17,14,3,0.1765
Incredible_traffic_Sound_in__0023461,782.8,14,17,3,0.1765
Incredible_traffic_Sound_in__0023746,792.3,17,14,3,0.1765
Incredible_traffic_Sound_in__0024211,807.8,17,14,3,0.1765
Incredible_traffic_Sound_in__0025636,855.4,17,14,3,0.1765
Incredible_traffic_Sound_in__0025666,856.4,17,14,3,0.1765
Incredible_traffic_Sound_in__0026416,881.4,17,14,3,0.1765
Incredible_traffic_Sound_in__0027211,907.9,17,14,3,0.1765
Incredible_traffic_Sound_in__0028036,935.5,14,17,3,0.1765
Incredible_traffic_Sound_in__0028366,946.5,17,14,3,0.1765
Incredible_traffic_Sound_in__0030316,1011.5,17,14,3,0.1765
Incredible_traffic_Sound_in__0030556,1019.6,17,14,3,0.1765
Incredible_traffic_Sound_in__0032401,1081.1,17,14,3,0.1765
Incredible_traffic_Sound_in__0033526,1118.7,17,14,3,0.1765
Incredible_traffic_Sound_in__0034501,1151.2,17,14,3,0.1765
Incredible_traffic_Sound_in__0000136,4.5,23,19,4,0.1739
Incredible_traffic_Sound_in__0001696,56.6,23,19,4,0.1739
Incredible_traffic_Sound_in__0006091,203.2,23,19,4,0.1739
Incredible_traffic_Sound_in__0006991,233.3,23,19,4,0.1739
Incredible_traffic_Sound_in__0008146,271.8,23,19,4,0.1739
Incredible_traffic_Sound_in__0011671,389.4,23,19,4,0.1739
Incredible_traffic_Sound_in__0014056,469.0,23,19,4,0.1739
Incredible_traffic_Sound_in__0015136,505.0,23,19,4,0.1739
Incredible_traffic_Sound_in__0021871,729.8,23,19,4,0.1739
Incredible_traffic_Sound_in__0022651,755.8,23,19,4,0.1739
Incredible_traffic_Sound_in__0024886,830.4,23,19,4,0.1739
Incredible_traffic_Sound_in__0025261,842.9,23,19,4,0.1739
Incredible_traffic_Sound_in__0026476,883.4,23,19,4,0.1739
Incredible_traffic_Sound_in__0014356,479.0,29,24,5,0.1724
Incredible_traffic_Sound_in__0014386,480.0,29,24,5,0.1724
Incredible_traffic_Sound_in__0000196,6.5,24,20,4,0.1667
Incredible_traffic_Sound_in__0000586,19.6,12,10,2,0.1667
Incredible_traffic_Sound_in__0000706,23.6,12,10,2,0.1667
Incredible_traffic_Sound_in__0000961,32.1,15,18,3,0.1667
Incredible_traffic_Sound_in__0001456,48.6,12,10,2,0.1667
Incredible_traffic_Sound_in__0004201,140.2,10,12,2,0.1667
Incredible_traffic_Sound_in__0004306,143.7,18,15,3,0.1667
Incredible_traffic_Sound_in__0004981,166.2,12,10,2,0.1667
Incredible_traffic_Sound_in__0005596,186.7,10,12,2,0.1667
Incredible_traffic_Sound_in__0005821,194.2,18,15,3,0.1667
Incredible_traffic_Sound_in__0006181,206.2,12,10,2,0.1667
Incredible_traffic_Sound_in__0008191,273.3,24,20,4,0.1667
Incredible_traffic_Sound_in__0009526,317.9,12,10,2,0.1667
Incredible_traffic_Sound_in__0009676,322.9,10,12,2,0.1667
Incredible_traffic_Sound_in__0010756,358.9,18,15,3,0.1667
Incredible_traffic_Sound_in__0011416,380.9,24,20,4,0.1667
Incredible_traffic_Sound_in__0011941,398.4,18,15,3,0.1667
Incredible_traffic_Sound_in__0012931,431.5,10,12,2,0.1667
Incredible_traffic_Sound_in__0014581,486.5,12,10,2,0.1667
Incredible_traffic_Sound_in__0014821,494.5,18,15,3,0.1667
Incredible_traffic_Sound_in__0014911,497.5,18,15,3,0.1667
Incredible_traffic_Sound_in__0016366,546.1,10,12,2,0.1667
Incredible_traffic_Sound_in__0016441,548.6,12,10,2,0.1667
Incredible_traffic_Sound_in__0016666,556.1,5,6,1,0.1667
Incredible_traffic_Sound_in__0017206,574.1,10,12,2,0.1667
Incredible_traffic_Sound_in__0017731,591.6,10,12,2,0.1667
Incredible_traffic_Sound_in__0017836,595.1,6,5,1,0.1667
Incredible_traffic_Sound_in__0018181,606.6,6,5,1,0.1667
Incredible_traffic_Sound_in__0018436,615.1,10,12,2,0.1667
Incredible_traffic_Sound_in__0018451,615.6,12,10,2,0.1667
Incredible_traffic_Sound_in__0018766,626.2,18,15,3,0.1667
Incredible_traffic_Sound_in__0019021,634.7,12,10,2,0.1667
Incredible_traffic_Sound_in__0019066,636.2,18,15,3,0.1667
Incredible_traffic_Sound_in__0019576,653.2,10,12,2,0.1667
Incredible_traffic_Sound_in__0019876,663.2,18,15,3,0.1667
Incredible_traffic_Sound_in__0020131,671.7,12,10,2,0.1667
Incredible_traffic_Sound_in__0020491,683.7,18,15,3,0.1667
Incredible_traffic_Sound_in__0020536,685.2,18,15,3,0.1667
Incredible_traffic_Sound_in__0022366,746.3,10,12,2,0.1667
Incredible_traffic_Sound_in__0022636,755.3,18,15,3,0.1667
Incredible_traffic_Sound_in__0023551,785.8,10,12,2,0.1667
Incredible_traffic_Sound_in__0023926,798.3,15,18,3,0.1667
Incredible_traffic_Sound_in__0024271,809.8,12,10,2,0.1667
Incredible_traffic_Sound_in__0024796,827.4,24,20,4,0.1667
Incredible_traffic_Sound_in__0025021,834.9,24,20,4,0.1667
Incredible_traffic_Sound_in__0025081,836.9,24,20,4,0.1667
Incredible_traffic_Sound_in__0025846,862.4,12,10,2,0.1667
Incredible_traffic_Sound_in__0025936,865.4,12,10,2,0.1667
Incredible_traffic_Sound_in__0026716,891.4,12,10,2,0.1667
Incredible_traffic_Sound_in__0026836,895.4,12,10,2,0.1667
Incredible_traffic_Sound_in__0027406,914.4,18,15,3,0.1667
Incredible_traffic_Sound_in__0027946,932.5,15,18,3,0.1667
Incredible_traffic_Sound_in__0030181,1007.0,18,15,3,0.1667
Incredible_traffic_Sound_in__0030871,1030.1,12,10,2,0.1667
Incredible_traffic_Sound_in__0030901,1031.1,12,10,2,0.1667
Incredible_traffic_Sound_in__0031021,1035.1,12,10,2,0.1667
Incredible_traffic_Sound_in__0032221,1075.1,18,15,3,0.1667
Incredible_traffic_Sound_in__0032566,1086.6,12,10,2,0.1667
Incredible_traffic_Sound_in__0033016,1101.6,12,10,2,0.1667
Incredible_traffic_Sound_in__0033376,1113.6,5,6,1,0.1667
Incredible_traffic_Sound_in__0033391,1114.1,6,5,1,0.1667
Incredible_traffic_Sound_in__0033616,1121.7,12,10,2,0.1667
Incredible_traffic_Sound_in__0034141,1139.2,5,6,1,0.1667
Incredible_traffic_Sound_in__0034261,1143.2,12,10,2,0.1667
Incredible_traffic_Sound_in__0034321,1145.2,15,18,3,0.1667
Incredible_traffic_Sound_in__0034636,1155.7,12,10,2,0.1667
Incredible_traffic_Sound_in__0034876,1163.7,12,10,2,0.1667
Incredible_traffic_Sound_in__0034981,1167.2,6,5,1,0.1667
Incredible_traffic_Sound_in__0035191,1174.2,12,10,2,0.1667
Incredible_traffic_Sound_in__0035566,1186.7,12,10,2,0.1667
Incredible_traffic_Sound_in__0035641,1189.2,12,10,2,0.1667
Incredible_traffic_Sound_in__0011326,377.9,25,21,4,0.16
Incredible_traffic_Sound_in__0011356,378.9,25,21,4,0.16
Incredible_traffic_Sound_in__0014251,475.5,25,21,4,0.16
Incredible_traffic_Sound_in__0019186,640.2,25,21,4,0.16
Incredible_traffic_Sound_in__0005731,191.2,19,16,3,0.1579
Incredible_traffic_Sound_in__0005806,193.7,19,16,3,0.1579
Incredible_traffic_Sound_in__0006931,231.3,19,16,3,0.1579
Incredible_traffic_Sound_in__0007096,236.8,19,16,3,0.1579
Incredible_traffic_Sound_in__0008056,268.8,19,16,3,0.1579
Incredible_traffic_Sound_in__0010501,350.4,19,16,3,0.1579
Incredible_traffic_Sound_in__0010741,358.4,16,19,3,0.1579
Incredible_traffic_Sound_in__0010786,359.9,19,16,3,0.1579
Incredible_traffic_Sound_in__0014431,481.5,19,16,3,0.1579
Incredible_traffic_Sound_in__0015106,504.0,19,16,3,0.1579
Incredible_traffic_Sound_in__0017356,579.1,16,19,3,0.1579
Incredible_traffic_Sound_in__0018646,622.2,19,16,3,0.1579
Incredible_traffic_Sound_in__0019141,638.7,19,16,3,0.1579
Incredible_traffic_Sound_in__0021526,718.3,19,16,3,0.1579
Incredible_traffic_Sound_in__0022426,748.3,19,16,3,0.1579
Incredible_traffic_Sound_in__0024916,831.4,19,16,3,0.1579
Incredible_traffic_Sound_in__0025321,844.9,19,16,3,0.1579
Incredible_traffic_Sound_in__0027526,918.5,16,19,3,0.1579
Incredible_traffic_Sound_in__0028816,961.5,19,16,3,0.1579
Incredible_traffic_Sound_in__0000436,14.5,13,11,2,0.1538
Incredible_traffic_Sound_in__0000571,19.1,13,11,2,0.1538
Incredible_traffic_Sound_in__0001081,36.1,11,13,2,0.1538
Incredible_traffic_Sound_in__0001096,36.6,13,11,2,0.1538
Incredible_traffic_Sound_in__0001216,40.6,11,13,2,0.1538
Incredible_traffic_Sound_in__0001816,60.6,26,22,4,0.1538
Incredible_traffic_Sound_in__0003826,127.7,13,11,2,0.1538
Incredible_traffic_Sound_in__0004126,137.7,13,11,2,0.1538
Incredible_traffic_Sound_in__0004141,138.2,13,11,2,0.1538
Incredible_traffic_Sound_in__0004786,159.7,13,11,2,0.1538
Incredible_traffic_Sound_in__0004816,160.7,13,11,2,0.1538
Incredible_traffic_Sound_in__0005206,173.7,11,13,2,0.1538
Incredible_traffic_Sound_in__0005581,186.2,13,11,2,0.1538
Incredible_traffic_Sound_in__0006211,207.2,11,13,2,0.1538
Incredible_traffic_Sound_in__0006241,208.2,13,11,2,0.1538
Incredible_traffic_Sound_in__0007171,239.3,13,11,2,0.1538
Incredible_traffic_Sound_in__0008536,284.8,11,13,2,0.1538
Incredible_traffic_Sound_in__0009436,314.8,13,11,2,0.1538
Incredible_traffic_Sound_in__0013306,444.0,13,11,2,0.1538
Incredible_traffic_Sound_in__0015976,533.1,13,11,2,0.1538
Incredible_traffic_Sound_in__0016201,540.6,11,13,2,0.1538
Incredible_traffic_Sound_in__0016426,548.1,11,13,2,0.1538
Incredible_traffic_Sound_in__0017221,574.6,13,11,2,0.1538
Incredible_traffic_Sound_in__0017551,585.6,11,13,2,0.1538
Incredible_traffic_Sound_in__0020086,670.2,11,13,2,0.1538
Incredible_traffic_Sound_in__0020311,677.7,13,11,2,0.1538
Incredible_traffic_Sound_in__0020356,679.2,13,11,2,0.1538
Incredible_traffic_Sound_in__0022336,745.3,13,11,2,0.1538
Incredible_traffic_Sound_in__0023371,779.8,13,11,2,0.1538
Incredible_traffic_Sound_in__0023761,792.8,13,11,2,0.1538
Incredible_traffic_Sound_in__0027046,902.4,11,13,2,0.1538
Incredible_traffic_Sound_in__0028411,948.0,13,11,2,0.1538
Incredible_traffic_Sound_in__0029206,974.5,13,11,2,0.1538
Incredible_traffic_Sound_in__0029506,984.5,13,11,2,0.1538
Incredible_traffic_Sound_in__0030751,1026.1,11,13,2,0.1538
Incredible_traffic_Sound_in__0030991,1034.1,13,11,2,0.1538
Incredible_traffic_Sound_in__0031846,1062.6,13,11,2,0.1538
Incredible_traffic_Sound_in__0032071,1070.1,13,11,2,0.1538
Incredible_traffic_Sound_in__0032806,1094.6,13,11,2,0.1538
Incredible_traffic_Sound_in__0033001,1101.1,13,11,2,0.1538
Incredible_traffic_Sound_in__0034081,1137.2,13,11,2,0.1538
Incredible_traffic_Sound_in__0034726,1158.7,13,11,2,0.1538
Incredible_traffic_Sound_in__0035296,1177.7,13,11,2,0.1538
Incredible_traffic_Sound_in__0035716,1191.7,13,11,2,0.1538
Incredible_traffic_Sound_in__0002041,68.1,20,17,3,0.15
Incredible_traffic_Sound_in__0002086,69.6,20,17,3,0.15
Incredible_traffic_Sound_in__0002446,81.6,20,17,3,0.15
Incredible_traffic_Sound_in__0002866,95.6,20,17,3,0.15
Incredible_traffic_Sound_in__0006106,203.7,20,17,3,0.15
Incredible_traffic_Sound_in__0006436,214.7,20,17,3,0.15
Incredible_traffic_Sound_in__0010561,352.4,20,17,3,0.15
Incredible_traffic_Sound_in__0010591,353.4,20,17,3,0.15
Incredible_traffic_Sound_in__0010666,355.9,20,17,3,0.15
Incredible_traffic_Sound_in__0011686,389.9,20,17,3,0.15
Incredible_traffic_Sound_in__0011836,394.9,20,17,3,0.15
Incredible_traffic_Sound_in__0019261,642.7,20,17,3,0.15
Incredible_traffic_Sound_in__0021196,707.2,20,17,3,0.15
Incredible_traffic_Sound_in__0021781,726.8,20,17,3,0.15
Incredible_traffic_Sound_in__0025276,843.4,20,17,3,0.15
Incredible_traffic_Sound_in__0026236,875.4,20,17,3,0.15
Incredible_traffic_Sound_in__0027301,910.9,20,17,3,0.15
Incredible_traffic_Sound_in__0027421,914.9,20,17,3,0.15
Incredible_traffic_Sound_in__0029071,970.0,20,17,3,0.15
Incredible_traffic_Sound_in__0031561,1053.1,20,17,3,0.15
Incredible_traffic_Sound_in__0032416,1081.6,20,17,3,0.15
Incredible_traffic_Sound_in__0002986,99.6,27,23,4,0.1481
Incredible_traffic_Sound_in__0014086,470.0,27,23,4,0.1481
Incredible_traffic_Sound_in__0000106,3.5,21,18,3,0.1429
Incredible_traffic_Sound_in__0000406,13.5,14,12,2,0.1429
Incredible_traffic_Sound_in__0001321,44.1,12,14,2,0.1429
Incredible_traffic_Sound_in__0002356,78.6,14,12,2,0.1429
Incredible_traffic_Sound_in__0002386,79.6,14,12,2,0.1429
Incredible_traffic_Sound_in__0002536,84.6,7,6,1,0.1429
Incredible_traffic_Sound_in__0002596,86.6,14,12,2,0.1429
Incredible_traffic_Sound_in__0003211,107.1,28,24,4,0.1429
Incredible_traffic_Sound_in__0005056,168.7,7,6,1,0.1429
Incredible_traffic_Sound_in__0005146,171.7,14,12,2,0.1429
Incredible_traffic_Sound_in__0005551,185.2,12,14,2,0.1429
Incredible_traffic_Sound_in__0006661,222.3,21,18,3,0.1429
Incredible_traffic_Sound_in__0009301,310.3,14,12,2,0.1429
Incredible_traffic_Sound_in__0009856,328.9,21,18,3,0.1429
Incredible_traffic_Sound_in__0010846,361.9,14,12,2,0.1429
Incredible_traffic_Sound_in__0011101,370.4,18,21,3,0.1429
Incredible_traffic_Sound_in__0012031,401.4,14,12,2,0.1429
Incredible_traffic_Sound_in__0012766,426.0,14,12,2,0.1429
Incredible_traffic_Sound_in__0012796,427.0,14,12,2,0.1429
Incredible_traffic_Sound_in__0013051,435.5,6,7,1,0.1429
Incredible_traffic_Sound_in__0013066,436.0,6,7,1,0.1429
Incredible_traffic_Sound_in__0013831,461.5,14,12,2,0.1429
Incredible_traffic_Sound_in__0014026,468.0,21,18,3,0.1429
Incredible_traffic_Sound_in__0014041,468.5,21,18,3,0.1429
Incredible_traffic_Sound_in__0014551,485.5,14,12,2,0.1429
Incredible_traffic_Sound_in__0014566,486.0,14,12,2,0.1429
Incredible_traffic_Sound_in__0016471,549.6,14,12,2,0.1429
Incredible_traffic_Sound_in__0017326,578.1,12,14,2,0.1429
Incredible_traffic_Sound_in__0017461,582.6,14,12,2,0.1429
Incredible_traffic_Sound_in__0017566,586.1,14,12,2,0.1429
Incredible_traffic_Sound_in__0017776,593.1,14,12,2,0.1429
Incredible_traffic_Sound_in__0017896,597.1,6,7,1,0.1429
Incredible_traffic_Sound_in__0018376,613.1,14,12,2,0.1429
Incredible_traffic_Sound_in__0018571,619.7,14,12,2,0.1429
Incredible_traffic_Sound_in__0020071,669.7,14,12,2,0.1429
Incredible_traffic_Sound_in__0020401,680.7,12,14,2,0.1429
Incredible_traffic_Sound_in__0020446,682.2,12,14,2,0.1429
Incredible_traffic_Sound_in__0021676,723.3,21,18,3,0.1429
Incredible_traffic_Sound_in__0024226,808.3,14,12,2,0.1429
Incredible_traffic_Sound_in__0024346,812.3,14,12,2,0.1429
Incredible_traffic_Sound_in__0026011,867.9,12,14,2,0.1429
Incredible_traffic_Sound_in__0026071,869.9,14,12,2,0.1429
Incredible_traffic_Sound_in__0026311,877.9,21,18,3,0.1429
Incredible_traffic_Sound_in__0026326,878.4,21,18,3,0.1429
Incredible_traffic_Sound_in__0026581,886.9,14,12,2,0.1429
Incredible_traffic_Sound_in__0027691,924.0,14,12,2,0.1429
Incredible_traffic_Sound_in__0028006,934.5,14,12,2,0.1429
Incredible_traffic_Sound_in__0028591,954.0,14,12,2,0.1429
Incredible_traffic_Sound_in__0029476,983.5,14,12,2,0.1429
Incredible_traffic_Sound_in__0031276,1043.6,14,12,2,0.1429
Incredible_traffic_Sound_in__0031291,1044.1,14,12,2,0.1429
Incredible_traffic_Sound_in__0033256,1109.6,6,7,1,0.1429
Incredible_traffic_Sound_in__0034171,1140.2,6,7,1,0.1429
Incredible_traffic_Sound_in__0034966,1166.7,7,6,1,0.1429
Incredible_traffic_Sound_in__0014221,474.5,29,25,4,0.1379
Incredible_traffic_Sound_in__0006121,204.2,22,19,3,0.1364
Incredible_traffic_Sound_in__0008176,272.8,22,19,3,0.1364
Incredible_traffic_Sound_in__0021841,728.8,22,19,3,0.1364
Incredible_traffic_Sound_in__0024691,823.9,22,19,3,0.1364
Incredible_traffic_Sound_in__0024976,833.4,22,19,3,0.1364
Incredible_traffic_Sound_in__0025126,838.4,22,19,3,0.1364
Incredible_traffic_Sound_in__0027331,911.9,19,22,3,0.1364
Incredible_traffic_Sound_in__0031531,1052.1,22,19,3,0.1364
Incredible_traffic_Sound_in__0001441,48.1,13,15,2,0.1333
Incredible_traffic_Sound_in__0001471,49.1,15,13,2,0.1333
Incredible_traffic_Sound_in__0003781,126.2,15,13,2,0.1333
Incredible_traffic_Sound_in__0003871,129.2,15,13,2,0.1333
Incredible_traffic_Sound_in__0004771,159.2,15,13,2,0.1333
Incredible_traffic_Sound_in__0006796,226.8,15,13,2,0.1333
Incredible_traffic_Sound_in__0007441,248.3,13,15,2,0.1333
Incredible_traffic_Sound_in__0008461,282.3,15,13,2,0.1333
Incredible_traffic_Sound_in__0008491,283.3,13,15,2,0.1333
Incredible_traffic_Sound_in__0009181,306.3,15,13,2,0.1333
Incredible_traffic_Sound_in__0012136,404.9,15,13,2,0.1333
Incredible_traffic_Sound_in__0012436,414.9,15,13,2,0.1333
Incredible_traffic_Sound_in__0014341,478.5,30,26,4,0.1333
Incredible_traffic_Sound_in__0015736,525.1,15,13,2,0.1333
Incredible_traffic_Sound_in__0015871,529.6,15,13,2,0.1333
Incredible_traffic_Sound_in__0016066,536.1,15,13,2,0.1333
Incredible_traffic_Sound_in__0017161,572.6,15,13,2,0.1333
Incredible_traffic_Sound_in__0017761,592.6,13,15,2,0.1333
Incredible_traffic_Sound_in__0020926,698.2,15,13,2,0.1333
Incredible_traffic_Sound_in__0021736,725.3,15,13,2,0.1333
Incredible_traffic_Sound_in__0023401,780.8,15,13,2,0.1333
Incredible_traffic_Sound_in__0024526,818.4,15,13,2,0.1333
Incredible_traffic_Sound_in__0026026,868.4,15,13,2,0.1333
Incredible_traffic_Sound_in__0026146,872.4,15,13,2,0.1333
Incredible_traffic_Sound_in__0028651,956.0,15,13,2,0.1333
Incredible_traffic_Sound_in__0029956,999.5,15,13,2,0.1333
Incredible_traffic_Sound_in__0031006,1034.6,15,13,2,0.1333
Incredible_traffic_Sound_in__0032371,1080.1,15,13,2,0.1333
Incredible_traffic_Sound_in__0032491,1084.1,15,13,2,0.1333
Incredible_traffic_Sound_in__0001861,62.1,23,20,3,0.1304
Incredible_traffic_Sound_in__0002476,82.6,23,20,3,0.1304
Incredible_traffic_Sound_in__0006391,213.2,23,20,3,0.1304
Incredible_traffic_Sound_in__0006451,215.2,23,20,3,0.1304
Incredible_traffic_Sound_in__0001636,54.6,16,14,2,0.125
Incredible_traffic_Sound_in__0002311,77.1,16,14,2,0.125
Incredible_traffic_Sound_in__0002626,87.6,16,14,2,0.125
Incredible_traffic_Sound_in__0004051,135.2,16,14,2,0.125
Incredible_traffic_Sound_in__0004066,135.7,14,16,2,0.125
Incredible_traffic_Sound_in__0004261,142.2,14,16,2,0.125
Incredible_traffic_Sound_in__0005341,178.2,16,14,2,0.125
Incredible_traffic_Sound_in__0006781,226.3,14,16,2,0.125
Incredible_traffic_Sound_in__0008416,280.8,16,14,2,0.125
Incredible_traffic_Sound_in__0008686,289.8,16,14,2,0.125
Incredible_traffic_Sound_in__0008881,296.3,16,14,2,0.125
Incredible_traffic_Sound_in__0009331,311.3,16,14,2,0.125
Incredible_traffic_Sound_in__0009871,329.4,16,14,2,0.125
Incredible_traffic_Sound_in__0010261,342.4,16,14,2,0.125
Incredible_traffic_Sound_in__0011251,375.4,24,21,3,0.125
Incredible_traffic_Sound_in__0012616,421.0,14,16,2,0.125
Incredible_traffic_Sound_in__0012991,433.5,8,7,1,0.125
Incredible_traffic_Sound_in__0013021,434.5,8,7,1,0.125
Incredible_traffic_Sound_in__0013936,465.0,16,14,2,0.125
Incredible_traffic_Sound_in__0014776,493.0,16,14,2,0.125
Incredible_traffic_Sound_in__0014791,493.5,16,14,2,0.125
Incredible_traffic_Sound_in__0015331,511.5,16,14,2,0.125
Incredible_traffic_Sound_in__0015706,524.1,16,14,2,0.125
Incredible_traffic_Sound_in__0015751,525.6,16,14,2,0.125
Incredible_traffic_Sound_in__0015916,531.1,16,14,2,0.125
Incredible_traffic_Sound_in__0016411,547.6,14,16,2,0.125
Incredible_traffic_Sound_in__0017911,597.6,8,7,1,0.125
Incredible_traffic_Sound_in__0018211,607.6,7,8,1,0.125
Incredible_traffic_Sound_in__0018916,631.2,16,14,2,0.125
Incredible_traffic_Sound_in__0019216,641.2,16,14,2,0.125
Incredible_traffic_Sound_in__0019651,655.7,16,14,2,0.125
Incredible_traffic_Sound_in__0020146,672.2,8,7,1,0.125
Incredible_traffic_Sound_in__0020416,681.2,16,14,2,0.125
Incredible_traffic_Sound_in__0020851,695.7,16,14,2,0.125
Incredible_traffic_Sound_in__0020911,697.7,16,14,2,0.125
Incredible_traffic_Sound_in__0023041,768.8,16,14,2,0.125
Incredible_traffic_Sound_in__0023176,773.3,8,7,1,0.125
Incredible_traffic_Sound_in__0023491,783.8,14,16,2,0.125
Incredible_traffic_Sound_in__0024016,801.3,16,14,2,0.125
Incredible_traffic_Sound_in__0026731,891.9,8,7,1,0.125
Incredible_traffic_Sound_in__0028726,958.5,16,14,2,0.125
Incredible_traffic_Sound_in__0032386,1080.6,16,14,2,0.125
Incredible_traffic_Sound_in__0033196,1107.6,7,8,1,0.125
Incredible_traffic_Sound_in__0033331,1112.1,8,7,1,0.125
Incredible_traffic_Sound_in__0033361,1113.1,8,7,1,0.125
Incredible_traffic_Sound_in__0033706,1124.7,8,7,1,0.125
Incredible_traffic_Sound_in__0034186,1140.7,7,8,1,0.125
Incredible_traffic_Sound_in__0034531,1152.2,16,14,2,0.125
Incredible_traffic_Sound_in__0034591,1154.2,16,14,2,0.125
Incredible_traffic_Sound_in__0035056,1169.7,7,8,1,0.125
Incredible_traffic_Sound_in__0035266,1176.7,16,14,2,0.125
Incredible_traffic_Sound_in__0001996,66.6,25,22,3,0.12
Incredible_traffic_Sound_in__0025156,839.4,25,22,3,0.12
Incredible_traffic_Sound_in__0000331,11.0,17,15,2,0.1176
Incredible_traffic_Sound_in__0000841,28.1,17,15,2,0.1176
Incredible_traffic_Sound_in__0001291,43.1,15,17,2,0.1176
Incredible_traffic_Sound_in__0002131,71.1,17,15,2,0.1176
Incredible_traffic_Sound_in__0002326,77.6,15,17,2,0.1176
Incredible_traffic_Sound_in__0002401,80.1,17,15,2,0.1176
Incredible_traffic_Sound_in__0003391,113.1,17,15,2,0.1176
Incredible_traffic_Sound_in__0004246,141.7,17,15,2,0.1176
Incredible_traffic_Sound_in__0005326,177.7,15,17,2,0.1176
Incredible_traffic_Sound_in__0005881,196.2,17,15,2,0.1176
Incredible_traffic_Sound_in__0006016,200.7,15,17,2,0.1176
Incredible_traffic_Sound_in__0006061,202.2,17,15,2,0.1176
Incredible_traffic_Sound_in__0006706,223.8,17,15,2,0.1176
Incredible_traffic_Sound_in__0006871,229.3,17,15,2,0.1176
Incredible_traffic_Sound_in__0008221,274.3,17,15,2,0.1176
Incredible_traffic_Sound_in__0008431,281.3,17,15,2,0.1176
Incredible_traffic_Sound_in__0012241,408.4,17,15,2,0.1176
Incredible_traffic_Sound_in__0012586,420.0,15,17,2,0.1176
Incredible_traffic_Sound_in__0013351,445.5,17,15,2,0.1176
Incredible_traffic_Sound_in__0014851,495.5,17,15,2,0.1176
Incredible_traffic_Sound_in__0015091,503.5,17,15,2,0.1176
Incredible_traffic_Sound_in__0016171,539.6,17,15,2,0.1176
Incredible_traffic_Sound_in__0017431,581.6,17,15,2,0.1176
Incredible_traffic_Sound_in__0019411,647.7,17,15,2,0.1176
Incredible_traffic_Sound_in__0022831,761.8,17,15,2,0.1176
Incredible_traffic_Sound_in__0022861,762.8,17,15,2,0.1176
Incredible_traffic_Sound_in__0024061,802.8,17,15,2,0.1176
Incredible_traffic_Sound_in__0026521,884.9,17,15,2,0.1176
Incredible_traffic_Sound_in__0027256,909.4,17,15,2,0.1176
Incredible_traffic_Sound_in__0027991,934.0,17,15,2,0.1176
Incredible_traffic_Sound_in__0028831,962.0,17,15,2,0.1176
Incredible_traffic_Sound_in__0032251,1076.1,17,15,2,0.1176
Incredible_traffic_Sound_in__0001786,59.6,26,23,3,0.1154
Incredible_traffic_Sound_in__0001831,61.1,27,24,3,0.1111
Incredible_traffic_Sound_in__0001966,65.6,18,16,2,0.1111
Incredible_traffic_Sound_in__0002281,76.1,18,16,2,0.1111
Incredible_traffic_Sound_in__0003676,122.7,9,8,1,0.1111
Incredible_traffic_Sound_in__0005641,188.2,9,8,1,0.1111
Incredible_traffic_Sound_in__0005656,188.7,8,9,1,0.1111
Incredible_traffic_Sound_in__0005686,189.7,9,8,1,0.1111
Incredible_traffic_Sound_in__0007501,250.3,18,16,2,0.1111
Incredible_traffic_Sound_in__0008071,269.3,16,18,2,0.1111
Incredible_traffic_Sound_in__0010906,363.9,18,16,2,0.1111
Incredible_traffic_Sound_in__0011716,390.9,18,16,2,0.1111
Incredible_traffic_Sound_in__0012466,415.9,18,16,2,0.1111
Incredible_traffic_Sound_in__0012691,423.5,8,9,1,0.1111
Incredible_traffic_Sound_in__0013036,435.0,9,8,1,0.1111
Incredible_traffic_Sound_in__0014161,472.5,27,24,3,0.1111
Incredible_traffic_Sound_in__0014896,497.0,18,16,2,0.1111
Incredible_traffic_Sound_in__0015016,501.0,18,16,2,0.1111
Incredible_traffic_Sound_in__0017671,589.6,9,8,1,0.1111
Incredible_traffic_Sound_in__0017686,590.1,9,8,1,0.1111
Incredible_traffic_Sound_in__0018331,611.6,9,8,1,0.1111
Incredible_traffic_Sound_in__0019531,651.7,18,16,2,0.1111
Incredible_traffic_Sound_in__0021181,706.7,18,16,2,0.1111
Incredible_traffic_Sound_in__0021256,709.2,18,16,2,0.1111
Incredible_traffic_Sound_in__0021631,721.8,16,18,2,0.1111
Incredible_traffic_Sound_in__0022936,765.3,18,16,2,0.1111
Incredible_traffic_Sound_in__0023251,775.8,18,16,2,0.1111
Incredible_traffic_Sound_in__0023941,798.8,16,18,2,0.1111
Incredible_traffic_Sound_in__0026401,880.9,18,16,2,0.1111
Incredible_traffic_Sound_in__0026461,882.9,18,16,2,0.1111
Incredible_traffic_Sound_in__0027376,913.4,18,16,2,0.1111
Incredible_traffic_Sound_in__0027961,933.0,18,16,2,0.1111
Incredible_traffic_Sound_in__0028666,956.5,18,16,2,0.1111
Incredible_traffic_Sound_in__0028801,961.0,16,18,2,0.1111
Incredible_traffic_Sound_in__0029806,994.5,9,8,1,0.1111
Incredible_traffic_Sound_in__0029836,995.5,9,8,1,0.1111
Incredible_traffic_Sound_in__0029881,997.0,9,8,1,0.1111
Incredible_traffic_Sound_in__0030541,1019.1,18,16,2,0.1111
Incredible_traffic_Sound_in__0033346,1112.6,8,9,1,0.1111
Incredible_traffic_Sound_in__0033436,1115.6,9,8,1,0.1111
Incredible_traffic_Sound_in__0033451,1116.1,9,8,1,0.1111
Incredible_traffic_Sound_in__0034546,1152.7,18,16,2,0.1111
Incredible_traffic_Sound_in__0034561,1153.2,18,16,2,0.1111
Incredible_traffic_Sound_in__0034816,1161.7,8,9,1,0.1111
Incredible_traffic_Sound_in__0034936,1165.7,9,8,1,0.1111
Incredible_traffic_Sound_in__0025096,837.4,28,25,3,0.1071
Incredible_traffic_Sound_in__0002836,94.6,19,17,2,0.1053
Incredible_traffic_Sound_in__0005491,183.2,17,19,2,0.1053
Incredible_traffic_Sound_in__0005761,192.2,19,17,2,0.1053
Incredible_traffic_Sound_in__0006586,219.8,17,19,2,0.1053
Incredible_traffic_Sound_in__0007546,251.8,19,17,2,0.1053
Incredible_traffic_Sound_in__0007846,261.8,19,17,2,0.1053
Incredible_traffic_Sound_in__0010606,353.9,19,17,2,0.1053
Incredible_traffic_Sound_in__0018856,629.2,19,17,2,0.1053
Incredible_traffic_Sound_in__0019471,649.7,19,17,2,0.1053
Incredible_traffic_Sound_in__0020581,686.7,19,17,2,0.1053
Incredible_traffic_Sound_in__0022966,766.3,19,17,2,0.1053
Incredible_traffic_Sound_in__0026431,881.9,19,17,2,0.1053
Incredible_traffic_Sound_in__0028276,943.5,19,17,2,0.1053
Incredible_traffic_Sound_in__0028711,958.0,19,17,2,0.1053
Incredible_traffic_Sound_in__0014191,473.5,29,26,3,0.1034
Incredible_traffic_Sound_in__0001051,35.1,9,10,1,0.1
Incredible_traffic_Sound_in__0003286,109.6,20,18,2,0.1
Incredible_traffic_Sound_in__0004186,139.7,10,9,1,0.1
Incredible_traffic_Sound_in__0006226,207.7,9,10,1,0.1
Incredible_traffic_Sound_in__0006496,216.7,20,18,2,0.1
Incredible_traffic_Sound_in__0006541,218.3,18,20,2,0.1
Incredible_traffic_Sound_in__0009256,308.8,10,9,1,0.1
Incredible_traffic_Sound_in__0011746,391.9,20,18,2,0.1
Incredible_traffic_Sound_in__0012736,425.0,9,10,1,0.1
Incredible_traffic_Sound_in__0013261,442.5,10,9,1,0.1
Incredible_traffic_Sound_in__0014236,475.0,30,27,3,0.1
Incredible_traffic_Sound_in__0014521,484.5,20,18,2,0.1
Incredible_traffic_Sound_in__0016291,543.6,10,9,1,0.1
Incredible_traffic_Sound_in__0016756,559.1,9,10,1,0.1
Incredible_traffic_Sound_in__0017821,594.6,9,10,1,0.1
Incredible_traffic_Sound_in__0018031,601.6,10,9,1,0.1
Incredible_traffic_Sound_in__0019156,639.2,20,18,2,0.1
Incredible_traffic_Sound_in__0019831,661.7,20,18,2,0.1
Incredible_traffic_Sound_in__0019966,666.2,10,9,1,0.1
Incredible_traffic_Sound_in__0020476,683.2,20,18,2,0.1
Incredible_traffic_Sound_in__0020971,699.7,10,9,1,0.1
Incredible_traffic_Sound_in__0021766,726.3,20,18,2,0.1
Incredible_traffic_Sound_in__0023086,770.3,10,9,1,0.1
Incredible_traffic_Sound_in__0023101,770.8,10,9,1,0.1
Incredible_traffic_Sound_in__0023311,777.8,18,20,2,0.1
Incredible_traffic_Sound_in__0023641,788.8,9,10,1,0.1
Incredible_traffic_Sound_in__0023701,790.8,10,9,1,0.1
Incredible_traffic_Sound_in__0023791,793.8,9,10,1,0.1
Incredible_traffic_Sound_in__0024676,823.4,20,18,2,0.1
Incredible_traffic_Sound_in__0025816,861.4,10,9,1,0.1
Incredible_traffic_Sound_in__0026641,888.9,9,10,1,0.1
Incredible_traffic_Sound_in__0026821,894.9,9,10,1,0.1
Incredible_traffic_Sound_in__0027106,904.4,10,9,1,0.1
Incredible_traffic_Sound_in__0027286,910.4,20,18,2,0.1
Incredible_traffic_Sound_in__0027451,915.9,18,20,2,0.1
Incredible_traffic_Sound_in__0028756,959.5,20,18,2,0.1
Incredible_traffic_Sound_in__0029251,976.0,10,9,1,0.1
Incredible_traffic_Sound_in__0029521,985.0,10,9,1,0.1
Incredible_traffic_Sound_in__0029536,985.5,10,9,1,0.1
Incredible_traffic_Sound_in__0029926,998.5,10,9,1,0.1
Incredible_traffic_Sound_in__0030691,1024.1,9,10,1,0.1
Incredible_traffic_Sound_in__0030736,1025.6,10,9,1,0.1
Incredible_traffic_Sound_in__0031501,1051.1,20,18,2,0.1
Incredible_traffic_Sound_in__0033736,1125.7,9,10,1,0.1
Incredible_traffic_Sound_in__0033916,1131.7,10,9,1,0.1
Incredible_traffic_Sound_in__0034006,1134.7,10,9,1,0.1
Incredible_traffic_Sound_in__0034036,1135.7,10,9,1,0.1
Incredible_traffic_Sound_in__0035746,1192.7,10,9,1,0.1
Incredible_traffic_Sound_in__0035761,1193.2,10,9,1,0.1
Incredible_traffic_Sound_in__0000781,26.1,19,21,2,0.0952
Incredible_traffic_Sound_in__0001846,61.6,21,19,2,0.0952
Incredible_traffic_Sound_in__0003241,108.1,21,19,2,0.0952
Incredible_traffic_Sound_in__0003316,110.6,19,21,2,0.0952
Incredible_traffic_Sound_in__0003331,111.1,19,21,2,0.0952
Incredible_traffic_Sound_in__0005971,199.2,19,21,2,0.0952
Incredible_traffic_Sound_in__0011611,387.4,21,19,2,0.0952
Incredible_traffic_Sound_in__0011896,396.9,21,19,2,0.0952
Incredible_traffic_Sound_in__0015151,505.5,21,19,2,0.0952
Incredible_traffic_Sound_in__0019801,660.7,21,19,2,0.0952
Incredible_traffic_Sound_in__0025231,841.9,21,19,2,0.0952
Incredible_traffic_Sound_in__0028786,960.5,19,21,2,0.0952
Incredible_traffic_Sound_in__0001711,57.1,22,20,2,0.0909
Incredible_traffic_Sound_in__0007366,245.8,11,10,1,0.0909
Incredible_traffic_Sound_in__0007981,266.3,22,20,2,0.0909
Incredible_traffic_Sound_in__0008101,270.3,22,20,2,0.0909
Incredible_traffic_Sound_in__0009076,302.8,11,10,1,0.0909
Incredible_traffic_Sound_in__0009226,307.8,10,11,1,0.0909
Incredible_traffic_Sound_in__0010051,335.4,11,10,1,0.0909
Incredible_traffic_Sound_in__0011281,376.4,22,20,2,0.0909
Incredible_traffic_Sound_in__0012661,422.5,11,10,1,0.0909
Incredible_traffic_Sound_in__0012946,432.0,10,11,1,0.0909
Incredible_traffic_Sound_in__0015961,532.6,10,11,1,0.0909
Incredible_traffic_Sound_in__0017581,586.6,10,11,1,0.0909
Incredible_traffic_Sound_in__0017926,598.1,10,11,1,0.0909
Incredible_traffic_Sound_in__0018106,604.1,11,10,1,0.0909
Incredible_traffic_Sound_in__0018286,610.1,11,10,1,0.0909
Incredible_traffic_Sound_in__0018301,610.6,11,10,1,0.0909
Incredible_traffic_Sound_in__0018481,616.6,11,10,1,0.0909
Incredible_traffic_Sound_in__0021331,711.7,22,20,2,0.0909
Incredible_traffic_Sound_in__0021811,727.8,22,20,2,0.0909
Incredible_traffic_Sound_in__0022186,740.3,22,20,2,0.0909
Incredible_traffic_Sound_in__0022591,753.8,22,20,2,0.0909
Incredible_traffic_Sound_in__0023206,774.3,11,10,1,0.0909
Incredible_traffic_Sound_in__0023596,787.3,10,11,1,0.0909
Incredible_traffic_Sound_in__0024946,832.4,22,20,2,0.0909
Incredible_traffic_Sound_in__0025141,838.9,20,22,2,0.0909
Incredible_traffic_Sound_in__0025906,864.4,11,10,1,0.0909
Incredible_traffic_Sound_in__0025921,864.9,11,10,1,0.0909
Incredible_traffic_Sound_in__0026596,887.4,11,10,1,0.0909
Incredible_traffic_Sound_in__0027091,903.9,11,10,1,0.0909
Incredible_traffic_Sound_in__0027781,927.0,11,10,1,0.0909
Incredible_traffic_Sound_in__0031546,1052.6,22,20,2,0.0909
Incredible_traffic_Sound_in__0031681,1057.1,11,10,1,0.0909
Incredible_traffic_Sound_in__0032881,1097.1,11,10,1,0.0909
Incredible_traffic_Sound_in__0033031,1102.1,10,11,1,0.0909
Incredible_traffic_Sound_in__0033061,1103.1,11,10,1,0.0909
Incredible_traffic_Sound_in__0033631,1122.2,10,11,1,0.0909
Incredible_traffic_Sound_in__0033976,1133.7,10,11,1,0.0909
Incredible_traffic_Sound_in__0033991,1134.2,10,11,1,0.0909
Incredible_traffic_Sound_in__0034021,1135.2,10,11,1,0.0909
Incredible_traffic_Sound_in__0034381,1147.2,11,10,1,0.0909
Incredible_traffic_Sound_in__0034441,1149.2,11,10,1,0.0909
Incredible_traffic_Sound_in__0035371,1180.2,11,10,1,0.0909
Incredible_traffic_Sound_in__0000241,8.0,21,23,2,0.087
Incredible_traffic_Sound_in__0001951,65.1,23,21,2,0.087
Incredible_traffic_Sound_in__0006481,216.2,23,21,2,0.087
Incredible_traffic_Sound_in__0022171,739.8,23,21,2,0.087
Incredible_traffic_Sound_in__0001171,39.1,12,11,1,0.0833
Incredible_traffic_Sound_in__0002686,89.6,11,12,1,0.0833
Incredible_traffic_Sound_in__0004006,133.7,12,11,1,0.0833
Incredible_traffic_Sound_in__0004216,140.7,11,12,1,0.0833
Incredible_traffic_Sound_in__0004366,145.7,12,11,1,0.0833
Incredible_traffic_Sound_in__0005116,170.7,11,12,1,0.0833
Incredible_traffic_Sound_in__0005191,173.2,11,12,1,0.0833
Incredible_traffic_Sound_in__0005506,183.7,11,12,1,0.0833
Incredible_traffic_Sound_in__0007036,234.8,24,22,2,0.0833
Incredible_traffic_Sound_in__0007186,239.8,12,11,1,0.0833
Incredible_traffic_Sound_in__0007471,249.3,11,12,1,0.0833
Incredible_traffic_Sound_in__0008506,283.8,11,12,1,0.0833
Incredible_traffic_Sound_in__0011431,381.4,24,22,2,0.0833
Incredible_traffic_Sound_in__0013141,438.5,12,11,1,0.0833
Incredible_traffic_Sound_in__0013186,440.0,12,11,1,0.0833
Incredible_traffic_Sound_in__0013321,444.5,11,12,1,0.0833
Incredible_traffic_Sound_in__0013846,462.0,12,11,1,0.0833
Incredible_traffic_Sound_in__0013921,464.5,12,11,1,0.0833
Incredible_traffic_Sound_in__0014686,490.0,11,12,1,0.0833
Incredible_traffic_Sound_in__0014731,491.5,12,11,1,0.0833
Incredible_traffic_Sound_in__0016336,545.1,11,12,1,0.0833
Incredible_traffic_Sound_in__0016801,560.6,11,12,1,0.0833
Incredible_traffic_Sound_in__0016876,563.1,11,12,1,0.0833
Incredible_traffic_Sound_in__0017311,577.6,11,12,1,0.0833
Incredible_traffic_Sound_in__0017506,584.1,11,12,1,0.0833
Incredible_traffic_Sound_in__0017521,584.6,12,11,1,0.0833
Incredible_traffic_Sound_in__0017746,592.1,11,12,1,0.0833
Incredible_traffic_Sound_in__0017791,593.6,12,11,1,0.0833
Incredible_traffic_Sound_in__0017971,599.6,12,11,1,0.0833
Incredible_traffic_Sound_in__0018721,624.7,12,11,1,0.0833
Incredible_traffic_Sound_in__0020026,668.2,12,11,1,0.0833
Incredible_traffic_Sound_in__0020056,669.2,11,12,1,0.0833
Incredible_traffic_Sound_in__0021031,701.7,11,12,1,0.0833
Incredible_traffic_Sound_in__0022351,745.8,11,12,1,0.0833
Incredible_traffic_Sound_in__0023071,769.8,12,11,1,0.0833
Incredible_traffic_Sound_in__0023581,786.8,12,11,1,0.0833
Incredible_traffic_Sound_in__0024541,818.9,12,11,1,0.0833
Incredible_traffic_Sound_in__0025171,839.9,22,24,2,0.0833
Incredible_traffic_Sound_in__0025576,853.4,12,11,1,0.0833
Incredible_traffic_Sound_in__0025981,866.9,11,12,1,0.0833
Incredible_traffic_Sound_in__0026566,886.4,12,11,1,0.0833
Incredible_traffic_Sound_in__0026611,887.9,11,12,1,0.0833
Incredible_traffic_Sound_in__0026686,890.4,11,12,1,0.0833
Incredible_traffic_Sound_in__0027061,902.9,12,11,1,0.0833
Incredible_traffic_Sound_in__0027586,920.5,12,11,1,0.0833
Incredible_traffic_Sound_in__0028576,953.5,12,11,1,0.0833
Incredible_traffic_Sound_in__0029281,977.0,11,12,1,0.0833
Incredible_traffic_Sound_in__0032971,1100.1,12,11,1,0.0833
Incredible_traffic_Sound_in__0033661,1123.2,11,12,1,0.0833
Incredible_traffic_Sound_in__0034246,1142.7,11,12,1,0.0833
Incredible_traffic_Sound_in__0034276,1143.7,12,11,1,0.0833
Incredible_traffic_Sound_in__0034741,1159.2,12,11,1,0.0833
Incredible_traffic_Sound_in__0034846,1162.7,11,12,1,0.0833
Incredible_traffic_Sound_in__0035026,1168.7,12,11,1,0.0833
Incredible_traffic_Sound_in__0035176,1173.7,12,11,1,0.0833
Incredible_traffic_Sound_in__0011536,384.9,25,23,2,0.08
Incredible_traffic_Sound_in__0001306,43.6,12,13,1,0.0769
Incredible_traffic_Sound_in__0002266,75.6,12,13,1,0.0769
Incredible_traffic_Sound_in__0003436,114.6,13,12,1,0.0769
Incredible_traffic_Sound_in__0003511,117.2,13,12,1,0.0769
Incredible_traffic_Sound_in__0003706,123.7,12,13,1,0.0769
Incredible_traffic_Sound_in__0003736,124.7,12,13,1,0.0769
Incredible_traffic_Sound_in__0003841,128.2,13,12,1,0.0769
Incredible_traffic_Sound_in__0003991,133.2,12,13,1,0.0769
Incredible_traffic_Sound_in__0004486,149.7,13,12,1,0.0769
Incredible_traffic_Sound_in__0005161,172.2,13,12,1,0.0769
Incredible_traffic_Sound_in__0005221,174.2,12,13,1,0.0769
Incredible_traffic_Sound_in__0007396,246.8,12,13,1,0.0769
Incredible_traffic_Sound_in__0008551,285.3,13,12,1,0.0769
Incredible_traffic_Sound_in__0011461,382.4,26,24,2,0.0769
Incredible_traffic_Sound_in__0011866,395.9,26,24,2,0.0769
Incredible_traffic_Sound_in__0012781,426.5,13,12,1,0.0769
Incredible_traffic_Sound_in__0012856,429.0,13,12,1,0.0769
Incredible_traffic_Sound_in__0012871,429.5,13,12,1,0.0769
Incredible_traffic_Sound_in__0013336,445.0,13,12,1,0.0769
Incredible_traffic_Sound_in__0014806,494.0,13,12,1,0.0769
Incredible_traffic_Sound_in__0015931,531.6,13,12,1,0.0769
Incredible_traffic_Sound_in__0016396,547.1,13,12,1,0.0769
Incredible_traffic_Sound_in__0016486,550.1,13,12,1,0.0769
Incredible_traffic_Sound_in__0016516,551.1,13,12,1,0.0769
Incredible_traffic_Sound_in__0017956,599.1,12,13,1,0.0769
Incredible_traffic_Sound_in__0018736,625.2,13,12,1,0.0769
Incredible_traffic_Sound_in__0020941,698.7,13,12,1,0.0769
Incredible_traffic_Sound_in__0020956,699.2,12,13,1,0.0769
Incredible_traffic_Sound_in__0021136,705.2,13,12,1,0.0769
Incredible_traffic_Sound_in__0023611,787.8,13,12,1,0.0769
Incredible_traffic_Sound_in__0025756,859.4,13,12,1,0.0769
Incredible_traffic_Sound_in__0027496,917.4,12,13,1,0.0769
Incredible_traffic_Sound_in__0030886,1030.6,13,12,1,0.0769
Incredible_traffic_Sound_in__0030976,1033.6,12,13,1,0.0769
Incredible_traffic_Sound_in__0033466,1116.6,12,13,1,0.0769
Incredible_traffic_Sound_in__0035221,1175.2,12,13,1,0.0769
Incredible_traffic_Sound_in__0000361,12.0,14,13,1,0.0714
Incredible_traffic_Sound_in__0000391,13.0,14,13,1,0.0714
Incredible_traffic_Sound_in__0000451,15.0,14,13,1,0.0714
Incredible_traffic_Sound_in__0000886,29.6,14,13,1,0.0714
Incredible_traffic_Sound_in__0001576,52.6,13,14,1,0.0714
Incredible_traffic_Sound_in__0001891,63.1,28,26,2,0.0714
Incredible_traffic_Sound_in__0003721,124.2,13,14,1,0.0714
Incredible_traffic_Sound_in__0004801,160.2,14,13,1,0.0714
Incredible_traffic_Sound_in__0005386,179.7,13,14,1,0.0714
Incredible_traffic_Sound_in__0008236,274.8,13,14,1,0.0714
Incredible_traffic_Sound_in__0008866,295.8,13,14,1,0.0714
Incredible_traffic_Sound_in__0012631,421.5,14,13,1,0.0714
Incredible_traffic_Sound_in__0012751,425.5,13,14,1,0.0714
Incredible_traffic_Sound_in__0015991,533.6,14,13,1,0.0714
Incredible_traffic_Sound_in__0016936,565.1,14,13,1,0.0714
Incredible_traffic_Sound_in__0017536,585.1,14,13,1,0.0714
Incredible_traffic_Sound_in__0018976,633.2,14,13,1,0.0714
Incredible_traffic_Sound_in__0019516,651.2,14,13,1,0.0714
Incredible_traffic_Sound_in__0019546,652.2,13,14,1,0.0714
Incredible_traffic_Sound_in__0019921,664.7,14,13,1,0.0714
Incredible_traffic_Sound_in__0020191,673.7,14,13,1,0.0714
Incredible_traffic_Sound_in__0021046,702.2,14,13,1,0.0714
Incredible_traffic_Sound_in__0024586,820.4,14,13,1,0.0714
Incredible_traffic_Sound_in__0028081,937.0,14,13,1,0.0714
Incredible_traffic_Sound_in__0031921,1065.1,14,13,1,0.0714
Incredible_traffic_Sound_in__0032581,1087.1,14,13,1,0.0714
Incredible_traffic_Sound_in__0033601,1121.2,14,13,1,0.0714
Incredible_traffic_Sound_in__0000466,15.5,15,14,1,0.0667
Incredible_traffic_Sound_in__0001381,46.1,14,15,1,0.0667
Incredible_traffic_Sound_in__0002341,78.1,15,14,1,0.0667
Incredible_traffic_Sound_in__0002641,88.1,15,14,1,0.0667
Incredible_traffic_Sound_in__0003451,115.1,14,15,1,0.0667
Incredible_traffic_Sound_in__0003766,125.7,15,14,1,0.0667
Incredible_traffic_Sound_in__0006631,221.3,15,14,1,0.0667
Incredible_traffic_Sound_in__0006826,227.8,15,14,1,0.0667
Incredible_traffic_Sound_in__0009691,323.4,15,14,1,0.0667
Incredible_traffic_Sound_in__0010456,348.9,14,15,1,0.0667
Incredible_traffic_Sound_in__0012346,411.9,15,14,1,0.0667
Incredible_traffic_Sound_in__0012376,412.9,15,14,1,0.0667
Incredible_traffic_Sound_in__0013381,446.5,15,14,1,0.0667
Incredible_traffic_Sound_in__0013471,449.5,15,14,1,0.0667
Incredible_traffic_Sound_in__0013996,467.0,14,15,1,0.0667
Incredible_traffic_Sound_in__0014761,492.5,15,14,1,0.0667
Incredible_traffic_Sound_in__0014836,495.0,14,15,1,0.0667
Incredible_traffic_Sound_in__0016096,537.1,14,15,1,0.0667
Incredible_traffic_Sound_in__0017101,570.6,15,14,1,0.0667
Incredible_traffic_Sound_in__0018901,630.7,15,14,1,0.0667
Incredible_traffic_Sound_in__0018961,632.7,14,15,1,0.0667
Incredible_traffic_Sound_in__0019606,654.2,15,14,1,0.0667
Incredible_traffic_Sound_in__0020431,681.7,14,15,1,0.0667
Incredible_traffic_Sound_in__0021646,722.3,15,14,1,0.0667
Incredible_traffic_Sound_in__0023446,782.3,14,15,1,0.0667
Incredible_traffic_Sound_in__0023506,784.3,15,14,1,0.0667
Incredible_traffic_Sound_in__0023716,791.3,15,14,1,0.0667
Incredible_traffic_Sound_in__0024076,803.3,15,14,1,0.0667
Incredible_traffic_Sound_in__0026056,869.4,15,14,1,0.0667
Incredible_traffic_Sound_in__0026551,885.9,15,14,1,0.0667
Incredible_traffic_Sound_in__0027466,916.4,15,14,1,0.0667
Incredible_traffic_Sound_in__0027871,930.0,14,15,1,0.0667
Incredible_traffic_Sound_in__0028336,945.5,15,14,1,0.0667
Incredible_traffic_Sound_in__0030196,1007.5,15,14,1,0.0667
Incredible_traffic_Sound_in__0030601,1021.1,15,14,1,0.0667
Incredible_traffic_Sound_in__0030916,1031.6,15,14,1,0.0667
Incredible_traffic_Sound_in__0034486,1150.7,14,15,1,0.0667
Incredible_traffic_Sound_in__0000826,27.6,16,15,1,0.0625
Incredible_traffic_Sound_in__0002236,74.6,16,15,1,0.0625
Incredible_traffic_Sound_in__0005296,176.7,15,16,1,0.0625
Incredible_traffic_Sound_in__0005986,199.7,16,15,1,0.0625
Incredible_traffic_Sound_in__0006151,205.2,16,15,1,0.0625
Incredible_traffic_Sound_in__0008371,279.3,16,15,1,0.0625
Incredible_traffic_Sound_in__0008581,286.3,16,15,1,0.0625
Incredible_traffic_Sound_in__0009961,332.4,16,15,1,0.0625
Incredible_traffic_Sound_in__0010861,362.4,15,16,1,0.0625
Incredible_traffic_Sound_in__0014011,467.5,16,15,1,0.0625
Incredible_traffic_Sound_in__0015826,528.1,16,15,1,0.0625
Incredible_traffic_Sound_in__0017281,576.6,15,16,1,0.0625
Incredible_traffic_Sound_in__0019426,648.2,16,15,1,0.0625
Incredible_traffic_Sound_in__0019891,663.7,15,16,1,0.0625
Incredible_traffic_Sound_in__0020641,688.7,16,15,1,0.0625
Incredible_traffic_Sound_in__0020776,693.2,16,15,1,0.0625
Incredible_traffic_Sound_in__0021541,718.8,15,16,1,0.0625
Incredible_traffic_Sound_in__0022396,747.3,16,15,1,0.0625
Incredible_traffic_Sound_in__0023236,775.3,15,16,1,0.0625
Incredible_traffic_Sound_in__0023341,778.8,16,15,1,0.0625
Incredible_traffic_Sound_in__0024646,822.4,16,15,1,0.0625
Incredible_traffic_Sound_in__0027601,921.0,15,16,1,0.0625
Incredible_traffic_Sound_in__0027931,932.0,16,15,1,0.0625
Incredible_traffic_Sound_in__0028111,938.0,16,15,1,0.0625
Incredible_traffic_Sound_in__0030961,1033.1,15,16,1,0.0625
Incredible_traffic_Sound_in__0035986,1200.7,16,15,1,0.0625
Incredible_traffic_Sound_in__0000346,11.5,16,17,1,0.0588
Incredible_traffic_Sound_in__0000736,24.6,17,16,1,0.0588
Incredible_traffic_Sound_in__0000976,32.6,17,16,1,0.0588
Incredible_traffic_Sound_in__0001261,42.1,17,16,1,0.0588
Incredible_traffic_Sound_in__0003361,112.1,17,16,1,0.0588
Incredible_traffic_Sound_in__0006616,220.8,17,16,1,0.0588
Incredible_traffic_Sound_in__0006646,221.8,17,16,1,0.0588
Incredible_traffic_Sound_in__0006856,228.8,16,17,1,0.0588
Incredible_traffic_Sound_in__0008341,278.3,17,16,1,0.0588
Incredible_traffic_Sound_in__0010471,349.4,17,16,1,0.0588
Incredible_traffic_Sound_in__0010816,360.9,16,17,1,0.0588
Incredible_traffic_Sound_in__0010936,364.9,17,16,1,0.0588
Incredible_traffic_Sound_in__0011026,367.9,17,16,1,0.0588
Incredible_traffic_Sound_in__0011656,388.9,17,16,1,0.0588
Incredible_traffic_Sound_in__0012016,400.9,16,17,1,0.0588
Incredible_traffic_Sound_in__0012211,407.4,17,16,1,0.0588
Incredible_traffic_Sound_in__0013366,446.0,16,17,1,0.0588
Incredible_traffic_Sound_in__0015856,529.1,17,16,1,0.0588
Incredible_traffic_Sound_in__0018781,626.7,17,16,1,0.0588
Incredible_traffic_Sound_in__0019636,655.2,17,16,1,0.0588
Incredible_traffic_Sound_in__0021691,723.8,17,16,1,0.0588
Incredible_traffic_Sound_in__0022846,762.3,17,16,1,0.0588
Incredible_traffic_Sound_in__0023281,776.8,17,16,1,0.0588
Incredible_traffic_Sound_in__0023296,777.3,17,16,1,0.0588
Incredible_traffic_Sound_in__0026386,880.4,17,16,1,0.0588
Incredible_traffic_Sound_in__0027916,931.5,16,17,1,0.0588
Incredible_traffic_Sound_in__0028771,960.0,17,16,1,0.0588
Incredible_traffic_Sound_in__0030931,1032.1,17,16,1,0.0588
Incredible_traffic_Sound_in__0034516,1151.7,17,16,1,0.0588
Incredible_traffic_Sound_in__0000751,25.1,17,18,1,0.0556
Incredible_traffic_Sound_in__0005746,191.7,18,17,1,0.0556
Incredible_traffic_Sound_in__0005956,198.7,18,17,1,0.0556
Incredible_traffic_Sound_in__0006076,202.7,18,17,1,0.0556
Incredible_traffic_Sound_in__0007531,251.3,18,17,1,0.0556
Incredible_traffic_Sound_in__0007741,258.3,17,18,1,0.0556
Incredible_traffic_Sound_in__0011056,368.9,18,17,1,0.0556
Incredible_traffic_Sound_in__0011821,394.4,18,17,1,0.0556
Incredible_traffic_Sound_in__0011911,397.4,18,17,1,0.0556
Incredible_traffic_Sound_in__0011956,398.9,17,18,1,0.0556
Incredible_traffic_Sound_in__0012511,417.5,18,17,1,0.0556
Incredible_traffic_Sound_in__0012526,418.0,17,18,1,0.0556
Incredible_traffic_Sound_in__0015001,500.5,17,18,1,0.0556
Incredible_traffic_Sound_in__0015166,506.0,18,17,1,0.0556
Incredible_traffic_Sound_in__0016036,535.1,17,18,1,0.0556
Incredible_traffic_Sound_in__0018631,621.7,18,17,1,0.0556
Incredible_traffic_Sound_in__0018796,627.2,17,18,1,0.0556
Incredible_traffic_Sound_in__0019096,637.2,18,17,1,0.0556
Incredible_traffic_Sound_in__0019171,639.7,17,18,1,0.0556
Incredible_traffic_Sound_in__0019396,647.2,18,17,1,0.0556
Incredible_traffic_Sound_in__0019456,649.2,18,17,1,0.0556
Incredible_traffic_Sound_in__0019846,662.2,18,17,1,0.0556
Incredible_traffic_Sound_in__0020461,682.7,17,18,1,0.0556
Incredible_traffic_Sound_in__0022906,764.3,18,17,1,0.0556
Incredible_traffic_Sound_in__0023911,797.8,18,17,1,0.0556
Incredible_traffic_Sound_in__0023986,800.3,17,18,1,0.0556
Incredible_traffic_Sound_in__0024856,829.4,18,17,1,0.0556
Incredible_traffic_Sound_in__0025606,854.4,18,17,1,0.0556
Incredible_traffic_Sound_in__0026251,875.9,18,17,1,0.0556
Incredible_traffic_Sound_in__0028741,959.0,17,18,1,0.0556
Incredible_traffic_Sound_in__0033586,1120.7,17,18,1,0.0556
Incredible_traffic_Sound_in__0000256,8.5,19,18,1,0.0526
Incredible_traffic_Sound_in__0000301,10.0,19,18,1,0.0526
Incredible_traffic_Sound_in__0003346,111.6,19,18,1,0.0526
Incredible_traffic_Sound_in__0006571,219.3,18,19,1,0.0526
Incredible_traffic_Sound_in__0006676,222.8,18,19,1,0.0526
Incredible_traffic_Sound_in__0008086,269.8,19,18,1,0.0526
Incredible_traffic_Sound_in__0011236,374.9,19,18,1,0.0526
Incredible_traffic_Sound_in__0011641,388.4,19,18,1,0.0526
Incredible_traffic_Sound_in__0012451,415.4,19,18,1,0.0526
Incredible_traffic_Sound_in__0012541,418.5,19,18,1,0.0526
Incredible_traffic_Sound_in__0017386,580.1,19,18,1,0.0526
Incredible_traffic_Sound_in__0018616,621.2,18,19,1,0.0526
Incredible_traffic_Sound_in__0019321,644.7,18,19,1,0.0526
Incredible_traffic_Sound_in__0021601,720.8,19,18,1,0.0526
Incredible_traffic_Sound_in__0022921,764.8,19,18,1,0.0526
Incredible_traffic_Sound_in__0025621,854.9,18,19,1,0.0526
Incredible_traffic_Sound_in__0027436,915.4,19,18,1,0.0526
Incredible_traffic_Sound_in__0001981,66.1,20,19,1,0.05
Incredible_traffic_Sound_in__0006421,214.2,20,19,1,0.05
Incredible_traffic_Sound_in__0010636,354.9,20,19,1,0.05
Incredible_traffic_Sound_in__0011791,393.4,20,19,1,0.05
Incredible_traffic_Sound_in__0019336,645.2,20,19,1,0.05
Incredible_traffic_Sound_in__0022051,735.8,20,19,1,0.05
Incredible_traffic_Sound_in__0023956,799.3,19,20,1,0.05
Incredible_traffic_Sound_in__0023971,799.8,20,19,1,0.05
Incredible_traffic_Sound_in__0027271,909.9,20,19,1,0.05
Incredible_traffic_Sound_in__0031576,1053.6,20,19,1,0.05
Incredible_traffic_Sound_in__0000226,7.5,20,21,1,0.0476
Incredible_traffic_Sound_in__0001936,64.6,21,20,1,0.0476
Incredible_traffic_Sound_in__0007066,235.8,21,20,1,0.0476
Incredible_traffic_Sound_in__0007891,263.3,21,20,1,0.0476
Incredible_traffic_Sound_in__0011371,379.4,21,20,1,0.0476
Incredible_traffic_Sound_in__0013516,451.0,20,21,1,0.0476
Incredible_traffic_Sound_in__0019246,642.2,21,20,1,0.0476
Incredible_traffic_Sound_in__0022126,738.3,21,20,1,0.0476
Incredible_traffic_Sound_in__0022156,739.3,20,21,1,0.0476
Incredible_traffic_Sound_in__0000211,7.0,22,21,1,0.0455
Incredible_traffic_Sound_in__0002956,98.6,22,21,1,0.0455
Incredible_traffic_Sound_in__0010576,352.9,21,22,1,0.0455
Incredible_traffic_Sound_in__0011851,395.4,23,22,1,0.0435
Incredible_traffic_Sound_in__0024766,826.4,23,22,1,0.0435
Incredible_traffic_Sound_in__0025111,837.9,23,22,1,0.0435
Incredible_traffic_Sound_in__0025186,840.4,24,23,1,0.0417
Incredible_traffic_Sound_in__0011401,380.4,24,25,1,0.04
Incredible_traffic_Sound_in__0003001,100.1,26,25,1,0.0385
Incredible_traffic_Sound_in__0011446,381.9,26,25,1,0.0385
Incredible_traffic_Sound_in__0011476,382.9,26,25,1,0.0385
Incredible_traffic_Sound_in__0014176,473.0,28,29,1,0.0345
Incredible_traffic_Sound_in__0000016,0.5,14,14,0,0.0
Incredible_traffic_Sound_in__0000166,5.5,21,21,0,0.0
Incredible_traffic_Sound_in__0000271,9.0,17,17,0,0.0
Incredible_traffic_Sound_in__0000496,16.5,10,10,0,0.0
Incredible_traffic_Sound_in__0000541,18.1,12,12,0,0.0
Incredible_traffic_Sound_in__0000616,20.6,14,14,0,0.0
Incredible_traffic_Sound_in__0000931,31.1,16,16,0,0.0
Incredible_traffic_Sound_in__0000991,33.1,13,13,0,0.0
Incredible_traffic_Sound_in__0001021,34.1,8,8,0,0.0
Incredible_traffic_Sound_in__0001036,34.6,9,9,0,0.0
Incredible_traffic_Sound_in__0001156,38.6,15,15,0,0.0
Incredible_traffic_Sound_in__0001201,40.1,11,11,0,0.0
Incredible_traffic_Sound_in__0001276,42.6,15,15,0,0.0
Incredible_traffic_Sound_in__0001396,46.6,15,15,0,0.0
Incredible_traffic_Sound_in__0001411,47.1,15,15,0,0.0
Incredible_traffic_Sound_in__0001426,47.6,15,15,0,0.0
Incredible_traffic_Sound_in__0002146,71.6,16,16,0,0.0
Incredible_traffic_Sound_in__0002551,85.1,7,7,0,0.0
Incredible_traffic_Sound_in__0002566,85.6,7,7,0,0.0
Incredible_traffic_Sound_in__0002611,87.1,15,15,0,0.0
Incredible_traffic_Sound_in__0002671,89.1,12,12,0,0.0
Incredible_traffic_Sound_in__0002731,91.1,13,13,0,0.0
Incredible_traffic_Sound_in__0002971,99.1,25,25,0,0.0
Incredible_traffic_Sound_in__0003421,114.1,12,12,0,0.0
Incredible_traffic_Sound_in__0003616,120.7,11,11,0,0.0
Incredible_traffic_Sound_in__0003631,121.2,9,9,0,0.0
Incredible_traffic_Sound_in__0003661,122.2,9,9,0,0.0
Incredible_traffic_Sound_in__0003796,126.7,14,14,0,0.0
Incredible_traffic_Sound_in__0003811,127.2,13,13,0,0.0
Incredible_traffic_Sound_in__0003886,129.7,14,14,0,0.0
Incredible_traffic_Sound_in__0003976,132.7,12,12,0,0.0
Incredible_traffic_Sound_in__0004081,136.2,11,11,0,0.0
Incredible_traffic_Sound_in__0004096,136.7,12,12,0,0.0
Incredible_traffic_Sound_in__0004291,143.2,15,15,0,0.0
Incredible_traffic_Sound_in__0004321,144.2,15,15,0,0.0
Incredible_traffic_Sound_in__0004666,155.7,13,13,0,0.0
Incredible_traffic_Sound_in__0004951,165.2,11,11,0,0.0
Incredible_traffic_Sound_in__0004966,165.7,12,12,0,0.0
Incredible_traffic_Sound_in__0005026,167.7,9,9,0,0.0
Incredible_traffic_Sound_in__0005041,168.2,7,7,0,0.0
Incredible_traffic_Sound_in__0005131,171.2,13,13,0,0.0
Incredible_traffic_Sound_in__0005176,172.7,13,13,0,0.0
Incredible_traffic_Sound_in__0005311,177.2,17,17,0,0.0
Incredible_traffic_Sound_in__0005611,187.2,11,11,0,0.0
Incredible_traffic_Sound_in__0006031,201.2,14,14,0,0.0
Incredible_traffic_Sound_in__0006166,205.7,13,13,0,0.0
Incredible_traffic_Sound_in__0006256,208.7,12,12,0,0.0
Incredible_traffic_Sound_in__0006556,218.8,20,20,0,0.0
Incredible_traffic_Sound_in__0006601,220.3,17,17,0,0.0
Incredible_traffic_Sound_in__0006766,225.8,17,17,0,0.0
Incredible_traffic_Sound_in__0006901,230.3,19,19,0,0.0
Incredible_traffic_Sound_in__0007051,235.3,26,26,0,0.0
Incredible_traffic_Sound_in__0007156,238.8,12,12,0,0.0
Incredible_traffic_Sound_in__0007321,244.3,9,9,0,0.0
Incredible_traffic_Sound_in__0007381,246.3,9,9,0,0.0
Incredible_traffic_Sound_in__0007411,247.3,12,12,0,0.0
Incredible_traffic_Sound_in__0007426,247.8,11,11,0,0.0
Incredible_traffic_Sound_in__0007456,248.8,13,13,0,0.0
Incredible_traffic_Sound_in__0007516,250.8,18,18,0,0.0
Incredible_traffic_Sound_in__0007561,252.3,17,17,0,0.0
Incredible_traffic_Sound_in__0007726,257.8,18,18,0,0.0
Incredible_traffic_Sound_in__0007861,262.3,18,18,0,0.0
Incredible_traffic_Sound_in__0007876,262.8,20,20,0,0.0
Incredible_traffic_Sound_in__0008476,282.8,12,12,0,0.0
Incredible_traffic_Sound_in__0008596,286.8,13,13,0,0.0
Incredible_traffic_Sound_in__0008791,293.3,19,19,0,0.0
Incredible_traffic_Sound_in__0008896,296.8,18,18,0,0.0
Incredible_traffic_Sound_in__0008911,297.3,16,16,0,0.0
Incredible_traffic_Sound_in__0009511,317.4,9,9,0,0.0
Incredible_traffic_Sound_in__0009541,318.4,7,7,0,0.0
Incredible_traffic_Sound_in__0009991,333.4,13,13,0,0.0
Incredible_traffic_Sound_in__0010441,348.4,12,12,0,0.0
Incredible_traffic_Sound_in__0010651,355.4,18,18,0,0.0
Incredible_traffic_Sound_in__0010681,356.4,17,17,0,0.0
Incredible_traffic_Sound_in__0010711,357.4,15,15,0,0.0
Incredible_traffic_Sound_in__0010996,366.9,15,15,0,0.0
Incredible_traffic_Sound_in__0011041,368.4,18,18,0,0.0
Incredible_traffic_Sound_in__0011176,372.9,19,19,0,0.0
Incredible_traffic_Sound_in__0011206,373.9,18,18,0,0.0
Incredible_traffic_Sound_in__0011296,376.9,24,24,0,0.0
Incredible_traffic_Sound_in__0011341,378.4,21,21,0,0.0
Incredible_traffic_Sound_in__0011926,397.9,21,21,0,0.0
Incredible_traffic_Sound_in__0012076,402.9,16,16,0,0.0
Incredible_traffic_Sound_in__0012121,404.4,12,12,0,0.0
Incredible_traffic_Sound_in__0012391,413.4,14,14,0,0.0
Incredible_traffic_Sound_in__0012406,413.9,16,16,0,0.0
Incredible_traffic_Sound_in__0012481,416.4,17,17,0,0.0
Incredible_traffic_Sound_in__0012556,419.0,16,16,0,0.0
Incredible_traffic_Sound_in__0012601,420.5,12,12,0,0.0
Incredible_traffic_Sound_in__0012646,422.0,12,12,0,0.0
Incredible_traffic_Sound_in__0012706,424.0,11,11,0,0.0
Incredible_traffic_Sound_in__0012826,428.0,12,12,0,0.0
Incredible_traffic_Sound_in__0012886,430.0,12,12,0,0.0
Incredible_traffic_Sound_in__0012901,430.5,12,12,0,0.0
Incredible_traffic_Sound_in__0013096,437.0,9,9,0,0.0
Incredible_traffic_Sound_in__0013156,439.0,12,12,0,0.0
Incredible_traffic_Sound_in__0013216,441.0,10,10,0,0.0
Incredible_traffic_Sound_in__0013531,451.5,19,19,0,0.0
Incredible_traffic_Sound_in__0013891,463.5,11,11,0,0.0
Incredible_traffic_Sound_in__0014131,471.5,23,23,0,0.0
Incredible_traffic_Sound_in__0014536,485.0,17,17,0,0.0
Incredible_traffic_Sound_in__0014866,496.0,15,15,0,0.0
Incredible_traffic_Sound_in__0015031,501.5,17,17,0,0.0
Incredible_traffic_Sound_in__0015046,502.0,17,17,0,0.0
Incredible_traffic_Sound_in__0015811,527.6,17,17,0,0.0
Incredible_traffic_Sound_in__0015841,528.6,14,14,0,0.0
Incredible_traffic_Sound_in__0016021,534.6,15,15,0,0.0
Incredible_traffic_Sound_in__0016051,535.6,16,16,0,0.0
Incredible_traffic_Sound_in__0016231,541.6,10,10,0,0.0
Incredible_traffic_Sound_in__0016246,542.1,10,10,0,0.0
Incredible_traffic_Sound_in__0016306,544.1,11,11,0,0.0
Incredible_traffic_Sound_in__0016501,550.6,11,11,0,0.0
Incredible_traffic_Sound_in__0016531,551.6,12,12,0,0.0
Incredible_traffic_Sound_in__0016561,552.6,10,10,0,0.0
Incredible_traffic_Sound_in__0016711,557.6,8,8,0,0.0
Incredible_traffic_Sound_in__0016816,561.1,10,10,0,0.0
Incredible_traffic_Sound_in__0016861,562.6,12,12,0,0.0
Incredible_traffic_Sound_in__0016951,565.6,13,13,0,0.0
Incredible_traffic_Sound_in__0016996,567.1,11,11,0,0.0
Incredible_traffic_Sound_in__0017026,568.1,11,11,0,0.0
Incredible_traffic_Sound_in__0017116,571.1,14,14,0,0.0
Incredible_traffic_Sound_in__0017131,571.6,12,12,0,0.0
Incredible_traffic_Sound_in__0017296,577.1,16,16,0,0.0
Incredible_traffic_Sound_in__0017341,578.6,14,14,0,0.0
Incredible_traffic_Sound_in__0017806,594.1,9,9,0,0.0
Incredible_traffic_Sound_in__0017941,598.6,11,11,0,0.0
Incredible_traffic_Sound_in__0018226,608.1,7,7,0,0.0
Incredible_traffic_Sound_in__0018271,609.6,11,11,0,0.0
Incredible_traffic_Sound_in__0018316,611.1,9,9,0,0.0
Incredible_traffic_Sound_in__0018391,613.6,11,11,0,0.0
Incredible_traffic_Sound_in__0018421,614.6,8,8,0,0.0
Incredible_traffic_Sound_in__0018601,620.7,17,17,0,0.0
Incredible_traffic_Sound_in__0018691,623.7,13,13,0,0.0
Incredible_traffic_Sound_in__0018706,624.2,13,13,0,0.0
Incredible_traffic_Sound_in__0018841,628.7,15,15,0,0.0
Incredible_traffic_Sound_in__0018946,632.2,12,12,0,0.0
Incredible_traffic_Sound_in__0019081,636.7,18,18,0,0.0
Incredible_traffic_Sound_in__0019351,645.7,22,22,0,0.0
Incredible_traffic_Sound_in__0019591,653.7,12,12,0,0.0
Incredible_traffic_Sound_in__0019741,658.7,15,15,0,0.0
Incredible_traffic_Sound_in__0019756,659.2,14,14,0,0.0
Incredible_traffic_Sound_in__0020041,668.7,13,13,0,0.0
Incredible_traffic_Sound_in__0020236,675.2,15,15,0,0.0
Incredible_traffic_Sound_in__0020326,678.2,13,13,0,0.0
Incredible_traffic_Sound_in__0021451,715.7,14,14,0,0.0
Incredible_traffic_Sound_in__0022381,746.8,14,14,0,0.0
Incredible_traffic_Sound_in__0022666,756.3,21,21,0,0.0
Incredible_traffic_Sound_in__0022876,763.3,17,17,0,0.0
Incredible_traffic_Sound_in__0023116,771.3,10,10,0,0.0
Incredible_traffic_Sound_in__0023326,778.3,16,16,0,0.0
Incredible_traffic_Sound_in__0023386,780.3,13,13,0,0.0
Incredible_traffic_Sound_in__0023416,781.3,12,12,0,0.0
Incredible_traffic_Sound_in__0023536,785.3,13,13,0,0.0
Incredible_traffic_Sound_in__0023836,795.3,11,11,0,0.0
Incredible_traffic_Sound_in__0024046,802.3,14,14,0,0.0
Incredible_traffic_Sound_in__0024136,805.3,17,17,0,0.0
Incredible_traffic_Sound_in__0024151,805.8,17,17,0,0.0
Incredible_traffic_Sound_in__0024181,806.8,13,13,0,0.0
Incredible_traffic_Sound_in__0024706,824.4,18,18,0,0.0
Incredible_traffic_Sound_in__0024871,829.9,18,18,0,0.0
Incredible_traffic_Sound_in__0024961,832.9,21,21,0,0.0
Incredible_traffic_Sound_in__0025831,861.9,9,9,0,0.0
Incredible_traffic_Sound_in__0026221,874.9,17,17,0,0.0
Incredible_traffic_Sound_in__0026266,876.4,18,18,0,0.0
Incredible_traffic_Sound_in__0026491,883.9,18,18,0,0.0
Incredible_traffic_Sound_in__0026506,884.4,18,18,0,0.0
Incredible_traffic_Sound_in__0026626,888.4,11,11,0,0.0
Incredible_traffic_Sound_in__0026986,900.4,13,13,0,0.0
Incredible_traffic_Sound_in__0027016,901.4,12,12,0,0.0
Incredible_traffic_Sound_in__0027241,908.9,17,17,0,0.0
Incredible_traffic_Sound_in__0027541,919.0,17,17,0,0.0
Incredible_traffic_Sound_in__0027556,919.5,13,13,0,0.0
Incredible_traffic_Sound_in__0027616,921.5,16,16,0,0.0
Incredible_traffic_Sound_in__0027901,931.0,15,15,0,0.0
Incredible_traffic_Sound_in__0027976,933.5,17,17,0,0.0
Incredible_traffic_Sound_in__0028051,936.0,15,15,0,0.0
Incredible_traffic_Sound_in__0028066,936.5,17,17,0,0.0
Incredible_traffic_Sound_in__0028141,939.0,12,12,0,0.0
Incredible_traffic_Sound_in__0028321,945.0,15,15,0,0.0
Incredible_traffic_Sound_in__0028351,946.0,15,15,0,0.0
Incredible_traffic_Sound_in__0028441,949.0,15,15,0,0.0
Incredible_traffic_Sound_in__0028621,955.0,15,15,0,0.0
Incredible_traffic_Sound_in__0029236,975.5,11,11,0,0.0
Incredible_traffic_Sound_in__0029266,976.5,10,10,0,0.0
Incredible_traffic_Sound_in__0029941,999.0,11,11,0,0.0
Incredible_traffic_Sound_in__0030091,1004.0,18,18,0,0.0
Incredible_traffic_Sound_in__0030586,1020.6,15,15,0,0.0
Incredible_traffic_Sound_in__0030646,1022.6,11,11,0,0.0
Incredible_traffic_Sound_in__0031321,1045.1,12,12,0,0.0
Incredible_traffic_Sound_in__0031726,1058.6,13,13,0,0.0
Incredible_traffic_Sound_in__0032506,1084.6,11,11,0,0.0
Incredible_traffic_Sound_in__0032851,1096.1,11,11,0,0.0
Incredible_traffic_Sound_in__0033046,1102.6,11,11,0,0.0
Incredible_traffic_Sound_in__0033091,1104.1,8,8,0,0.0
Incredible_traffic_Sound_in__0033106,1104.6,9,9,0,0.0
Incredible_traffic_Sound_in__0033211,1108.1,7,7,0,0.0
Incredible_traffic_Sound_in__0033226,1108.6,6,6,0,0.0
Incredible_traffic_Sound_in__0033286,1110.6,7,7,0,0.0
Incredible_traffic_Sound_in__0033301,1111.1,7,7,0,0.0
Incredible_traffic_Sound_in__0033496,1117.6,13,13,0,0.0
Incredible_traffic_Sound_in__0033511,1118.2,12,12,0,0.0
Incredible_traffic_Sound_in__0033541,1119.2,17,17,0,0.0
Incredible_traffic_Sound_in__0033556,1119.7,14,14,0,0.0
Incredible_traffic_Sound_in__0033691,1124.2,9,9,0,0.0
Incredible_traffic_Sound_in__0033721,1125.2,8,8,0,0.0
Incredible_traffic_Sound_in__0033781,1127.2,10,10,0,0.0
Incredible_traffic_Sound_in__0033961,1133.2,9,9,0,0.0
Incredible_traffic_Sound_in__0034066,1136.7,13,13,0,0.0
Incredible_traffic_Sound_in__0034291,1144.2,12,12,0,0.0
Incredible_traffic_Sound_in__0034306,1144.7,11,11,0,0.0
Incredible_traffic_Sound_in__0034471,1150.2,14,14,0,0.0
Incredible_traffic_Sound_in__0035251,1176.2,13,13,0,0.0
Incredible_traffic_Sound_in__0035506,1184.7,9,9,0,0.0
Incredible_traffic_Sound_in__0035731,1192.2,11,11,0,0.0
